t_ms,u_cat_D0.029,u_dog_D0.071
0.0,0.0,0.0
0.0025,0.000123,0.000123
0.005,0.000494,0.000493
0.0075,0.00111,0.001109
0.01001,0.001973,0.001969
0.01251,0.003081,0.003074
0.01501,0.004434,0.004423
0.01751,0.006032,0.006014
0.02001,0.007874,0.007846
0.02251,0.009959,0.009919
0.02501,0.012286,0.012232
0.02751,0.014855,0.014784
0.03002,0.017665,0.017572
0.03252,0.020715,0.020597
0.03502,0.024004,0.023857
0.03752,0.02753,0.02735
0.04002,0.031294,0.031075
0.04252,0.035293,0.035031
0.04502,0.039527,0.039216
0.04752,0.043993,0.043629
0.05003,0.048692,0.048268
0.05253,0.053621,0.053131
0.05503,0.058779,0.058217
0.05753,0.064165,0.063524
0.06003,0.069777,0.06905
0.06253,0.075614,0.074794
0.06503,0.081673,0.080752
0.06753,0.087953,0.086924
0.07004,0.094453,0.093308
0.07254,0.10117,0.099901
0.07504,0.108103,0.106701
0.07754,0.115249,0.113706
0.08004,0.122608,0.120914
0.08254,0.130176,0.128323
0.08504,0.137952,0.135931
0.08754,0.145934,0.143734
0.09005,0.154119,0.151731
0.09255,0.162505,0.15992
0.09505,0.17109,0.168297
0.09755,0.179872,0.176861
0.10005,0.188849,0.185609
0.10255,0.198017,0.194538
0.10505,0.207375,0.203645
0.10755,0.21692,0.212929
0.11006,0.226649,0.222386
0.11256,0.23656,0.232014
0.11506,0.246651,0.24181
0.11756,0.256918,0.25177
0.12006,0.267359,0.261893
0.12256,0.277972,0.272176
0.12506,0.288753,0.282614
0.12756,0.299699,0.293207
0.13007,0.310808,0.30395
0.13257,0.322078,0.31484
0.13507,0.333504,0.325876
0.13757,0.345084,0.337052
0.14007,0.356815,0.348368
0.14257,0.368694,0.359818
0.14507,0.380718,0.371401
0.14757,0.392883,0.383113
0.15008,0.405187,0.394951
0.15258,0.417627,0.406912
0.15508,0.430199,0.418992
0.15758,0.4429,0.431189
0.16008,0.455727,0.443498
0.16258,0.468676,0.455917
0.16508,0.481745,0.468443
0.16758,0.494929,0.481071
0.17009,0.508226,0.493799
0.17259,0.521632,0.506624
0.17509,0.535144,0.519541
0.17759,0.548758,0.532548
0.18009,0.562471,0.545642
0.18259,0.576279,0.558818
0.18509,0.590179,0.572073
0.18759,0.604167,0.585404
0.1901,0.618241,0.598807
0.1926,0.632395,0.61228
0.1951,0.646627,0.625818
0.1976,0.660933,0.639417
0.2001,0.67531,0.653076
0.2026,0.689753,0.666789
0.2051,0.70426,0.680554
0.2076,0.718826,0.694366
0.21011,0.733449,0.708223
0.21261,0.748123,0.722121
0.21511,0.762846,0.736056
0.21761,0.777614,0.750026
0.22011,0.792424,0.764025
0.22261,0.807271,0.778051
0.22511,0.822152,0.792101
0.22761,0.837063,0.806171
0.23012,0.852,0.820256
0.23262,0.86696,0.834355
0.23512,0.881939,0.848462
0.23762,0.896934,0.862576
0.24012,0.91194,0.876692
0.24262,0.926954,0.890806
0.24512,0.941972,0.904916
0.24762,0.95699,0.919017
0.25013,0.972006,0.933107
0.25263,0.987014,0.947182
0.25513,1.002012,0.961238
0.25763,1.016995,0.975273
0.26013,1.03196,0.989282
0.26263,1.046904,1.003262
0.26513,1.061822,1.01721
0.26763,1.076711,1.031122
0.27014,1.091567,1.044996
0.27264,1.106388,1.058827
0.27514,1.121168,1.072613
0.27764,1.135904,1.08635
0.28014,1.150594,1.100035
0.28264,1.165232,1.113665
0.28514,1.179817,1.127236
0.28764,1.194343,1.140745
0.29015,1.208808,1.154189
0.29265,1.223208,1.167565
0.29515,1.23754,1.18087
0.29765,1.2518,1.1941
0.30015,1.265984,1.207252
0.30265,1.28009,1.220324
0.30515,1.294114,1.233312
0.30765,1.308052,1.246214
0.31016,1.321901,1.259026
0.31266,1.335657,1.271745
0.31516,1.349319,1.284369
0.31766,1.362881,1.296894
0.32016,1.376341,1.309318
0.32266,1.389696,1.321638
0.32516,1.402943,1.333851
0.32766,1.416077,1.345954
0.33017,1.429097,1.357944
0.33267,1.441999,1.36982
0.33517,1.45478,1.381577
0.33767,1.467436,1.393214
0.34017,1.479966,1.404728
0.34267,1.492366,1.416116
0.34517,1.504632,1.427376
0.34767,1.516763,1.438505
0.35018,1.528755,1.449502
0.35268,1.540605,1.460362
0.35518,1.552311,1.471085
0.35768,1.563869,1.481667
0.36018,1.575278,1.492107
0.36268,1.586534,1.502402
0.36518,1.597635,1.51255
0.36768,1.608579,1.522549
0.37019,1.619362,1.532396
0.37269,1.629982,1.54209
0.37519,1.640436,1.551629
0.37769,1.650723,1.56101
0.38019,1.66084,1.570232
0.38269,1.670784,1.579292
0.38519,1.680554,1.588189
0.38769,1.690146,1.596921
0.3902,1.699559,1.605486
0.3927,1.708791,1.613883
0.3952,1.71784,1.622109
0.3977,1.726702,1.630163
0.4002,1.735378,1.638044
0.4027,1.743863,1.64575
0.4052,1.752157,1.653279
0.4077,1.760258,1.66063
0.41021,1.768164,1.667802
0.41271,1.775872,1.674792
0.41521,1.783382,1.681601
0.41771,1.790692,1.688226
0.42021,1.7978,1.694667
0.42271,1.804704,1.700922
0.42521,1.811403,1.706989
0.42771,1.817896,1.712869
0.43022,1.824181,1.71856
0.43272,1.830256,1.724061
0.43522,1.836121,1.72937
0.43772,1.841774,1.734488
0.44022,1.847214,1.739413
0.44272,1.85244,1.744145
0.44522,1.857451,1.748683
0.44772,1.862245,1.753025
0.45023,1.866822,1.757172
0.45273,1.871181,1.761123
0.45523,1.875321,1.764878
0.45773,1.87924,1.768435
0.46023,1.882939,1.771795
0.46273,1.886417,1.774957
0.46523,1.889673,1.77792
0.46773,1.892706,1.780685
0.47024,1.895516,1.783251
0.47274,1.898102,1.785619
0.47524,1.900464,1.787787
0.47774,1.902602,1.789755
0.48024,1.904514,1.791525
0.48274,1.906202,1.793095
0.48524,1.907665,1.794467
0.48774,1.908902,1.795639
0.49025,1.909913,1.796612
0.49275,1.910699,1.797386
0.49525,1.91126,1.797962
0.49775,1.911595,1.79834
0.50025,1.911704,1.79852
0.50275,1.911589,1.798503
0.50525,1.911248,1.798288
0.50775,1.910683,1.797878
0.51026,1.909893,1.797271
0.51276,1.90888,1.796469
0.51526,1.907643,1.795472
0.51776,1.906183,1.794282
0.52026,1.904501,1.792898
0.52276,1.902598,1.791321
0.52526,1.900473,1.789553
0.52776,1.898128,1.787594
0.53027,1.895563,1.785445
0.53277,1.892779,1.783107
0.53527,1.889778,1.780581
0.53777,1.88656,1.777868
0.54027,1.883126,1.77497
0.54277,1.879477,1.771887
0.54527,1.875614,1.76862
0.54777,1.871539,1.765171
0.55028,1.867252,1.761541
0.55278,1.862755,1.757731
0.55528,1.85805,1.753743
0.55778,1.853137,1.749577
0.56028,1.848018,1.745236
0.56278,1.842694,1.740722
0.56528,1.837167,1.736034
0.56778,1.831438,1.731175
0.57029,1.82551,1.726147
0.57279,1.819383,1.720951
0.57529,1.81306,1.715589
0.57779,1.806542,1.710062
0.58029,1.79983,1.704373
0.58279,1.792928,1.698522
0.58529,1.785836,1.692513
0.58779,1.778557,1.686346
0.5903,1.771092,1.680023
0.5928,1.763443,1.673547
0.5953,1.755614,1.666919
0.5978,1.747605,1.660142
0.6003,1.739418,1.653216
0.6028,1.731057,1.646146
0.6053,1.722523,1.638931
0.6078,1.713819,1.631576
0.61031,1.704947,1.624081
0.61281,1.695908,1.616448
0.61531,1.686706,1.608681
0.61781,1.677343,1.600781
0.62031,1.667822,1.592751
0.62281,1.658145,1.584592
0.62531,1.648314,1.576307
0.62781,1.638332,1.567899
0.63032,1.628201,1.55937
0.63282,1.617925,1.550722
0.63532,1.607506,1.541957
0.63782,1.596947,1.533078
0.64032,1.58625,1.524088
0.64282,1.575418,1.514988
0.64532,1.564454,1.505782
0.64782,1.55336,1.496471
0.65033,1.542141,1.487059
0.65283,1.530798,1.477548
0.65533,1.519334,1.467941
0.65783,1.507753,1.45824
0.66033,1.496057,1.448447
0.66283,1.48425,1.438566
0.66533,1.472334,1.428598
0.66783,1.460312,1.418547
0.67034,1.448188,1.408416
0.67284,1.435964,1.398207
0.67534,1.423644,1.387922
0.67784,1.411231,1.377564
0.68034,1.398728,1.367137
0.68284,1.386138,1.356642
0.68534,1.373464,1.346083
0.68784,1.36071,1.335462
0.69035,1.347878,1.324783
0.69285,1.334973,1.314047
0.69535,1.321996,1.303257
0.69785,1.308952,1.292418
0.70035,1.295844,1.28153
0.70285,1.282675,1.270597
0.70535,1.269449,1.259622
0.70785,1.256168,1.248608
0.71036,1.242836,1.237557
0.71286,1.229456,1.226472
0.71536,1.216033,1.215356
0.71786,1.202568,1.204212
0.72036,1.189066,1.193042
0.72286,1.175529,1.18185
0.72536,1.161962,1.170638
0.72786,1.148367,1.159409
0.73037,1.134748,1.148167
0.73287,1.121109,1.136912
0.73537,1.107452,1.125649
0.73787,1.093781,1.114381
0.74037,1.0801,1.103109
0.74287,1.066412,1.091838
0.74537,1.05272,1.080569
0.74787,1.039027,1.069305
0.75038,1.025338,1.05805
0.75288,1.011655,1.046805
0.75538,0.997982,1.035574
0.75788,0.984322,1.02436
0.76038,0.970678,1.013164
0.76288,0.957054,1.001991
0.76538,0.943453,0.990842
0.76788,0.929879,0.97972
0.77039,0.916335,0.968629
0.77289,0.902824,0.957569
0.77539,0.88935,0.946546
0.77789,0.875915,0.93556
0.78039,0.862523,0.924614
0.78289,0.849177,0.913712
0.78539,0.835882,0.902856
0.78789,0.822638,0.892047
0.7904,0.809451,0.88129
0.7929,0.796324,0.870586
0.7954,0.783258,0.859938
0.7979,0.770258,0.849349
0.8004,0.757327,0.83882
0.8029,0.744468,0.828355
0.8054,0.731684,0.817955
0.8079,0.718977,0.807624
0.81041,0.706352,0.797364
0.81291,0.693811,0.787176
0.81541,0.681357,0.777064
0.81791,0.668994,0.767029
0.82041,0.656723,0.757075
0.82291,0.644549,0.747202
0.82541,0.632474,0.737414
0.82791,0.6205,0.727713
0.83042,0.608631,0.718101
0.83292,0.59687,0.70858
0.83542,0.585219,0.699152
0.83792,0.573682,0.68982
0.84042,0.56226,0.680585
0.84292,0.550957,0.67145
0.84542,0.539775,0.662416
0.84792,0.528717,0.653485
0.85043,0.517786,0.64466
0.85293,0.506984,0.635943
0.85543,0.496313,0.627335
0.85793,0.485777,0.618838
0.86043,0.475377,0.610454
0.86293,0.465117,0.602186
0.86543,0.454998,0.594033
0.86793,0.445023,0.586
0.87044,0.435194,0.578086
0.87294,0.425514,0.570294
0.87544,0.415984,0.562626
0.87794,0.406608,0.555083
0.88044,0.397386,0.547667
0.88294,0.388322,0.540378
0.88544,0.379417,0.53322
0.88794,0.370674,0.526193
0.89045,0.362094,0.519298
0.89295,0.35368,0.512538
0.89545,0.345433,0.505912
0.89795,0.337355,0.499424
0.90045,0.329448,0.493074
0.90295,0.321714,0.486863
0.90545,0.314154,0.480792
0.90795,0.306771,0.474863
0.91046,0.299566,0.469077
0.91296,0.29254,0.463435
0.91546,0.285696,0.457938
0.91796,0.279034,0.452587
0.92046,0.272557,0.447383
0.92296,0.266264,0.442328
0.92546,0.260159,0.437421
0.92796,0.254242,0.432663
0.93047,0.248515,0.428057
0.93297,0.242979,0.423602
0.93547,0.237634,0.419299
0.93797,0.232483,0.415149
0.94047,0.227526,0.411152
0.94297,0.222764,0.40731
0.94547,0.218198,0.403623
0.94797,0.21383,0.400091
0.95048,0.20966,0.396715
0.95298,0.205689,0.393495
0.95548,0.201917,0.390433
0.95798,0.198346,0.387527
0.96048,0.194976,0.384779
0.96298,0.191808,0.382189
0.96548,0.188843,0.379758
0.96798,0.186081,0.377484
0.97049,0.183521,0.37537
0.97299,0.181166,0.373414
0.97549,0.179016,0.371617
0.97799,0.17707,0.369979
0.98049,0.175328,0.368501
0.98299,0.173792,0.367181
0.98549,0.172462,0.366021
0.98799,0.171337,0.36502
0.9905,0.170417,0.364177
0.993,0.169704,0.363493
0.9955,0.169195,0.362968
0.998,0.168893,0.362601
1.0005,0.168796,0.362392
1.003,0.168904,0.362341
1.0055,0.169217,0.362448
1.008,0.169735,0.362711
1.01051,0.170458,0.363131
1.01301,0.171384,0.363707
1.01551,0.172515,0.364439
1.01801,0.173848,0.365326
1.02051,0.175384,0.366368
1.02301,0.177123,0.367564
1.02551,0.179063,0.368913
1.02801,0.181204,0.370415
1.03052,0.183545,0.372068
1.03302,0.186085,0.373873
1.03552,0.188824,0.375828
1.03802,0.191761,0.377933
1.04052,0.194894,0.380187
1.04302,0.198224,0.382588
1.04552,0.201748,0.385137
1.04802,0.205466,0.387831
1.05053,0.209377,0.39067
1.05303,0.213479,0.393654
1.05553,0.217772,0.39678
1.05803,0.222253,0.400048
1.06053,0.226923,0.403456
1.06303,0.231779,0.407005
1.06553,0.236821,0.410691
1.06803,0.242046,0.414515
1.07054,0.247453,0.418474
1.07304,0.253041,0.422569
1.07554,0.258809,0.426796
1.07804,0.264754,0.431155
1.08054,0.270875,0.435645
1.08304,0.27717,0.440264
1.08554,0.283638,0.445011
1.08804,0.290277,0.449884
1.09055,0.297085,0.454882
1.09305,0.304061,0.460003
1.09555,0.311201,0.465246
1.09805,0.318505,0.470609
1.10055,0.325971,0.476091
1.10305,0.333596,0.481689
1.10555,0.341378,0.487403
1.10805,0.349316,0.493231
1.11056,0.357407,0.49917
1.11306,0.36565,0.50522
1.11556,0.374041,0.511378
1.11806,0.382579,0.517643
1.12056,0.391262,0.524013
1.12306,0.400087,0.530486
1.12556,0.409052,0.53706
1.12806,0.418154,0.543734
1.13057,0.427392,0.550505
1.13307,0.436762,0.557373
1.13557,0.446263,0.564333
1.13807,0.455892,0.571386
1.14057,0.465646,0.578529
1.14307,0.475523,0.58576
1.14557,0.485521,0.593076
1.14807,0.495636,0.600477
1.15058,0.505867,0.60796
1.15308,0.516209,0.615522
1.15558,0.526662,0.623163
1.15808,0.537222,0.630879
1.16058,0.547887,0.638669
1.16308,0.558653,0.646531
1.16558,0.569518,0.654462
1.16808,0.58048,0.662461
1.17059,0.591535,0.670525
1.17309,0.60268,0.678652
1.17559,0.613914,0.68684
1.17809,0.625232,0.695087
1.18059,0.636632,0.703391
1.18309,0.648112,0.71175
1.18559,0.659668,0.720161
1.18809,0.671297,0.728622
1.1906,0.682996,0.737131
1.1931,0.694763,0.745686
1.1956,0.706595,0.754284
1.1981,0.718488,0.762924
1.2006,0.730439,0.771602
1.2031,0.742446,0.780318
1.2056,0.754505,0.789068
1.2081,0.766614,0.797851
1.21061,0.77877,0.806664
1.21311,0.790968,0.815505
1.21561,0.803207,0.824371
1.21811,0.815484,0.833261
1.22061,0.827794,0.842172
1.22311,0.840136,0.851103
1.22561,0.852506,0.860049
1.22811,0.8649,0.869011
1.23062,0.877317,0.877984
1.23312,0.889752,0.886968
1.23562,0.902203,0.895959
1.23812,0.914667,0.904956
1.24062,0.92714,0.913956
1.24312,0.93962,0.922957
1.24562,0.952103,0.931957
1.24812,0.964587,0.940953
1.25063,0.977068,0.949944
1.25313,0.989542,0.958927
1.25563,1.002008,0.9679
1.25813,1.014462,0.976861
1.26063,1.026901,0.985807
1.26313,1.039321,0.994737
1.26563,1.051721,1.003648
1.26813,1.064096,1.012539
1.27064,1.076444,1.021406
1.27314,1.088762,1.030248
1.27564,1.101046,1.039063
1.27814,1.113294,1.047848
1.28064,1.125503,1.056602
1.28314,1.137669,1.065322
1.28564,1.149791,1.074007
1.28814,1.161864,1.082654
1.29065,1.173886,1.091261
1.29315,1.185854,1.099826
1.29565,1.197765,1.108348
1.29815,1.209616,1.116823
1.30065,1.221404,1.125251
1.30315,1.233127,1.133629
1.30565,1.244782,1.141955
1.30815,1.256365,1.150228
1.31066,1.267875,1.158445
1.31316,1.279307,1.166604
1.31566,1.29066,1.174704
1.31816,1.301931,1.182743
1.32066,1.313117,1.190718
1.32316,1.324215,1.198629
1.32566,1.335223,1.206473
1.32816,1.346138,1.214248
1.33067,1.356958,1.221954
1.33317,1.367679,1.229587
1.33567,1.3783,1.237146
1.33817,1.388817,1.24463
1.34067,1.399229,1.252037
1.34317,1.409533,1.259365
1.34567,1.419726,1.266612
1.34817,1.429806,1.273778
1.35068,1.43977,1.280859
1.35318,1.449617,1.287856
1.35568,1.459344,1.294766
1.35818,1.468948,1.301588
1.36068,1.478428,1.30832
1.36318,1.48778,1.314961
1.36568,1.497004,1.321509
1.36818,1.506097,1.327964
1.37069,1.515056,1.334323
1.37319,1.52388,1.340585
1.37569,1.532566,1.346749
1.37819,1.541113,1.352814
1.38069,1.549518,1.358778
1.38319,1.55778,1.36464
1.38569,1.565896,1.370399
1.38819,1.573865,1.376054
1.3907,1.581686,1.381603
1.3932,1.589355,1.387046
1.3957,1.596872,1.392381
1.3982,1.604235,1.397608
1.4007,1.611441,1.402724
1.4032,1.61849,1.40773
1.4057,1.62538,1.412624
1.4082,1.632109,1.417405
1.41071,1.638676,1.422072
1.41321,1.645079,1.426625
1.41571,1.651317,1.431062
1.41821,1.657388,1.435383
1.42071,1.663292,1.439587
1.42321,1.669026,1.443673
1.42571,1.67459,1.447641
1.42821,1.679982,1.451489
1.43072,1.685201,1.455217
1.43322,1.690246,1.458825
1.43572,1.695117,1.462311
1.43822,1.699811,1.465675
1.44072,1.704328,1.468917
1.44322,1.708667,1.472036
1.44572,1.712827,1.475031
1.44822,1.716807,1.477903
1.45073,1.720606,1.48065
1.45323,1.724224,1.483272
1.45573,1.727661,1.48577
1.45823,1.730914,1.488142
1.46073,1.733983,1.490388
1.46323,1.736869,1.492508
1.46573,1.73957,1.494502
1.46823,1.742086,1.496369
1.47074,1.744417,1.49811
1.47324,1.746562,1.499724
1.47574,1.74852,1.501211
1.47824,1.750292,1.502571
1.48074,1.751877,1.503804
1.48324,1.753274,1.50491
1.48574,1.754485,1.505889
1.48824,1.755508,1.506741
1.49075,1.756344,1.507466
1.49325,1.756992,1.508065
1.49575,1.757453,1.508536
1.49825,1.757726,1.508881
1.50075,1.757812,1.5091
1.50325,1.757711,1.509192
1.50575,1.757423,1.509159
1.50825,1.756948,1.509
1.51076,1.756287,1.508717
1.51326,1.75544,1.508308
1.51576,1.754407,1.507774
1.51826,1.753188,1.507117
1.52076,1.751785,1.506336
1.52326,1.750198,1.505432
1.52576,1.748427,1.504405
1.52826,1.746472,1.503256
1.53077,1.744336,1.501985
1.53327,1.742017,1.500594
1.53577,1.739518,1.499082
1.53827,1.736838,1.49745
1.54077,1.733979,1.495699
1.54327,1.730941,1.49383
1.54577,1.727725,1.491844
1.54827,1.724333,1.48974
1.55078,1.720765,1.48752
1.55328,1.717023,1.485185
1.55578,1.713107,1.482736
1.55828,1.709019,1.480173
1.56078,1.704759,1.477497
1.56328,1.700329,1.474709
1.56578,1.695731,1.471811
1.56828,1.690965,1.468802
1.57079,1.686032,1.465685
1.57329,1.680935,1.46246
1.57579,1.675675,1.459128
1.57829,1.670253,1.45569
1.58079,1.66467,1.452147
1.58329,1.658928,1.448501
1.58579,1.653029,1.444753
1.58829,1.646974,1.440903
1.5908,1.640765,1.436953
1.5933,1.634404,1.432904
1.5958,1.627892,1.428757
1.5983,1.621231,1.424514
1.6008,1.614422,1.420175
1.6033,1.607469,1.415743
1.6058,1.600371,1.411218
1.6083,1.593133,1.406602
1.61081,1.585754,1.401896
1.61331,1.578237,1.397101
1.61581,1.570585,1.392219
1.61831,1.562799,1.387251
1.62081,1.554881,1.382199
1.62331,1.546834,1.377063
1.62581,1.538659,1.371847
1.62831,1.530359,1.36655
1.63082,1.521935,1.361175
1.63332,1.51339,1.355722
1.63582,1.504727,1.350194
1.63832,1.495946,1.344593
1.64082,1.487052,1.338918
1.64332,1.478045,1.333173
1.64582,1.468929,1.327358
1.64832,1.459706,1.321476
1.65083,1.450377,1.315528
1.65333,1.440946,1.309515
1.65583,1.431415,1.303439
1.65833,1.421786,1.297302
1.66083,1.412062,1.291106
1.66333,1.402245,1.284851
1.66583,1.392338,1.27854
1.66833,1.382343,1.272175
1.67084,1.372263,1.265757
1.67334,1.3621,1.259288
1.67584,1.351858,1.252769
1.67834,1.341538,1.246202
1.68084,1.331143,1.23959
1.68334,1.320676,1.232933
1.68584,1.31014,1.226234
1.68834,1.299537,1.219493
1.69085,1.288869,1.212714
1.69335,1.278141,1.205898
1.69585,1.267353,1.199046
1.69835,1.256509,1.19216
1.70085,1.245613,1.185242
1.70335,1.234665,1.178294
1.70585,1.22367,1.171318
1.70835,1.21263,1.164315
1.71086,1.201547,1.157288
1.71336,1.190425,1.150237
1.71586,1.179266,1.143165
1.71836,1.168073,1.136073
1.72086,1.156849,1.128964
1.72336,1.145597,1.121839
1.72586,1.134319,1.1147
1.72836,1.123019,1.107549
1.73087,1.111698,1.100387
1.73337,1.10036,1.093216
1.73587,1.089008,1.086039
1.73837,1.077645,1.078856
1.74087,1.066273,1.07167
1.74337,1.054895,1.064482
1.74587,1.043514,1.057295
1.74837,1.032133,1.05011
1.75088,1.020754,1.042928
1.75338,1.009381,1.035752
1.75588,0.998016,1.028583
1.75838,0.986662,1.021424
1.76088,0.975322,1.014275
1.76338,0.963998,1.007138
1.76588,0.952694,1.000016
1.76838,0.941412,0.992909
1.77089,0.930154,0.985821
1.77339,0.918925,0.978752
1.77589,0.907725,0.971704
1.77839,0.896559,0.964678
1.78089,0.885429,0.957677
1.78339,0.874337,0.950703
1.78589,0.863287,0.943756
1.78839,0.85228,0.936838
1.7909,0.84132,0.929952
1.7934,0.83041,0.923098
1.7959,0.819551,0.916279
1.7984,0.808747,0.909496
1.8009,0.798,0.90275
1.8034,0.787313,0.896043
1.8059,0.776689,0.889377
1.8084,0.766129,0.882753
1.81091,0.755637,0.876173
1.81341,0.745214,0.869639
1.81591,0.734865,0.863151
1.81841,0.72459,0.856711
1.82091,0.714393,0.850321
1.82341,0.704276,0.843983
1.82591,0.694241,0.837697
1.82841,0.684291,0.831465
1.83092,0.674428,0.825289
1.83342,0.664654,0.81917
1.83592,0.654973,0.813109
1.83842,0.645385,0.807108
1.84092,0.635894,0.801168
1.84342,0.626501,0.79529
1.84592,0.61721,0.789476
1.84842,0.608021,0.783727
1.85093,0.598938,0.778045
1.85343,0.589962,0.772429
1.85593,0.581096,0.766883
1.85843,0.572341,0.761406
1.86093,0.5637,0.756001
1.86343,0.555174,0.750668
1.86593,0.546767,0.745408
1.86843,0.538479,0.740223
1.87094,0.530312,0.735113
1.87344,0.522269,0.730081
1.87594,0.514352,0.725126
1.87844,0.506561,0.72025
1.88094,0.4989,0.715455
1.88344,0.491369,0.71074
1.88594,0.483971,0.706107
1.88844,0.476707,0.701557
1.89095,0.469579,0.697091
1.89345,0.462589,0.692709
1.89595,0.455738,0.688414
1.89845,0.449027,0.684204
1.90095,0.442459,0.680082
1.90345,0.436034,0.676048
1.90595,0.429755,0.672104
1.90845,0.423622,0.668249
1.91096,0.417637,0.664484
1.91346,0.411801,0.660811
1.91596,0.406116,0.657229
1.91846,0.400583,0.65374
1.92096,0.395203,0.650345
1.92346,0.389977,0.647043
1.92596,0.384907,0.643836
1.92846,0.379993,0.640724
1.93097,0.375236,0.637707
1.93347,0.370639,0.634787
1.93597,0.366201,0.631963
1.93847,0.361923,0.629236
1.94097,0.357807,0.626607
1.94347,0.353854,0.624076
1.94597,0.350063,0.621643
1.94847,0.346437,0.61931
1.95098,0.342975,0.617075
1.95348,0.339678,0.61494
1.95598,0.336548,0.612904
1.95848,0.333584,0.610969
1.96098,0.330788,0.609134
1.96348,0.328159,0.607399
1.96598,0.325699,0.605766
1.96848,0.323407,0.604233
1.97099,0.321284,0.602801
1.97349,0.319331,0.60147
1.97599,0.317548,0.600241
1.97849,0.315935,0.599113
1.98099,0.314493,0.598087
1.98349,0.313221,0.597162
1.98599,0.312119,0.596338
1.98849,0.311189,0.595616
1.991,0.310429,0.594996
1.9935,0.30984,0.594476
1.996,0.309423,0.594058
1.9985,0.309176,0.593741
2.001,0.3091,0.593525
2.0035,0.309194,0.593409
2.006,0.309459,0.593394
2.0085,0.309894,0.59348
2.01101,0.310499,0.593666
2.01351,0.311274,0.593951
2.01601,0.312218,0.594336
2.01851,0.313331,0.59482
2.02101,0.314613,0.595403
2.02351,0.316062,0.596085
2.02601,0.317679,0.596864
2.02851,0.319463,0.597742
2.03102,0.321413,0.598717
2.03352,0.32353,0.599788
2.03602,0.325811,0.600956
2.03852,0.328256,0.602219
2.04102,0.330865,0.603578
2.04352,0.333637,0.605032
2.04602,0.33657,0.60658
2.04852,0.339665,0.608221
2.05103,0.34292,0.609956
2.05353,0.346334,0.611783
2.05603,0.349907,0.613701
2.05853,0.353636,0.61571
2.06103,0.357522,0.61781
2.06353,0.361563,0.62
2.06603,0.365757,0.622278
2.06853,0.370104,0.624644
2.07104,0.374603,0.627097
2.07354,0.379252,0.629638
2.07604,0.38405,0.632263
2.07854,0.388995,0.634974
2.08104,0.394087,0.637768
2.08354,0.399324,0.640646
2.08604,0.404704,0.643606
2.08854,0.410226,0.646647
2.09105,0.415889,0.649768
2.09355,0.42169,0.652969
2.09605,0.427629,0.656248
2.09855,0.433704,0.659605
2.10105,0.439913,0.663038
2.10355,0.446255,0.666547
2.10605,0.452727,0.67013
2.10855,0.459328,0.673786
2.11106,0.466057,0.677515
2.11356,0.472912,0.681315
2.11606,0.47989,0.685185
2.11856,0.48699,0.689124
2.12106,0.49421,0.69313
2.12356,0.501549,0.697204
2.12606,0.509004,0.701343
2.12856,0.516573,0.705546
2.13107,0.524254,0.709813
2.13357,0.532046,0.714142
2.13607,0.539946,0.718531
2.13857,0.547952,0.72298
2.14107,0.556063,0.727488
2.14357,0.564275,0.732053
2.14607,0.572588,0.736673
2.14857,0.580999,0.741348
2.15108,0.589505,0.746077
2.15358,0.598104,0.750857
2.15608,0.606795,0.755688
2.15858,0.615575,0.760569
2.16108,0.624442,0.765498
2.16358,0.633393,0.770473
2.16608,0.642426,0.775494
2.16858,0.65154,0.780559
2.17109,0.660731,0.785667
2.17359,0.669997,0.790816
2.17609,0.679336,0.796006
2.17859,0.688746,0.801234
2.18109,0.698224,0.806499
2.18359,0.707767,0.811801
2.18609,0.717374,0.817137
2.18859,0.727042,0.822506
2.1911,0.736768,0.827906
2.1936,0.74655,0.833337
2.1961,0.756386,0.838798
2.1986,0.766273,0.844285
2.2011,0.776208,0.849799
2.2036,0.78619,0.855337
2.2061,0.796215,0.860899
2.2086,0.806281,0.866482
2.21111,0.816385,0.872086
2.21361,0.826526,0.877709
2.21611,0.8367,0.88335
2.21861,0.846905,0.889006
2.22111,0.857138,0.894677
2.22361,0.867397,0.900362
2.22611,0.87768,0.906058
2.22861,0.887983,0.911765
2.23112,0.898304,0.917481
2.23362,0.90864,0.923204
2.23612,0.91899,0.928934
2.23862,0.92935,0.934668
2.24112,0.939718,0.940405
2.24362,0.950092,0.946144
2.24612,0.960468,0.951884
2.24862,0.970844,0.957622
2.25113,0.981218,0.963358
2.25363,0.991587,0.969091
2.25613,1.001948,0.974818
2.25863,1.0123,0.980538
2.26113,1.022639,0.986251
2.26363,1.032962,0.991954
2.26613,1.043268,0.997646
2.26863,1.053554,1.003326
2.27114,1.063817,1.008993
2.27364,1.074055,1.014644
2.27614,1.084265,1.02028
2.27864,1.094445,1.025897
2.28114,1.104592,1.031496
2.28364,1.114703,1.037074
2.28614,1.124778,1.042631
2.28864,1.134812,1.048165
2.29115,1.144803,1.053674
2.29365,1.15475,1.059158
2.29615,1.164649,1.064615
2.29865,1.174499,1.070043
2.30115,1.184296,1.075443
2.30365,1.194038,1.080811
2.30615,1.203724,1.086148
2.30865,1.213351,1.091451
2.31116,1.222916,1.09672
2.31366,1.232417,1.101953
2.31616,1.241852,1.10715
2.31866,1.251218,1.112308
2.32116,1.260514,1.117427
2.32366,1.269737,1.122506
2.32616,1.278885,1.127542
2.32866,1.287955,1.132537
2.33117,1.296946,1.137487
2.33367,1.305856,1.142392
2.33617,1.314681,1.147251
2.33867,1.323421,1.152063
2.34117,1.332073,1.156827
2.34367,1.340635,1.161541
2.34617,1.349105,1.166205
2.34867,1.357481,1.170817
2.35118,1.365761,1.175377
2.35368,1.373943,1.179883
2.35618,1.382025,1.184335
2.35868,1.390005,1.188731
2.36118,1.397882,1.193071
2.36368,1.405653,1.197354
2.36618,1.413317,1.201578
2.36868,1.420872,1.205743
2.37119,1.428316,1.209848
2.37369,1.435647,1.213893
2.37619,1.442864,1.217875
2.37869,1.449965,1.221794
2.38119,1.456948,1.22565
2.38369,1.463812,1.229442
2.38619,1.470556,1.233169
2.38869,1.477176,1.236829
2.3912,1.483673,1.240423
2.3937,1.490045,1.24395
2.3962,1.496289,1.247409
2.3987,1.502406,1.250798
2.4012,1.508392,1.254119
2.4037,1.514248,1.257369
2.4062,1.519971,1.260548
2.4087,1.525561,1.263656
2.41121,1.531016,1.266692
2.41371,1.536334,1.269656
2.41621,1.541515,1.272546
2.41871,1.546558,1.275363
2.42121,1.551461,1.278105
2.42371,1.556224,1.280772
2.42621,1.560845,1.283365
2.42871,1.565323,1.285881
2.43122,1.569657,1.288321
2.43372,1.573847,1.290685
2.43622,1.577891,1.292972
2.43872,1.581789,1.295181
2.44122,1.585539,1.297313
2.44372,1.589142,1.299366
2.44622,1.592596,1.301341
2.44872,1.5959,1.303237
2.45123,1.599054,1.305054
2.45373,1.602058,1.306792
2.45623,1.60491,1.30845
2.45873,1.607609,1.310029
2.46123,1.610157,1.311527
2.46373,1.612551,1.312945
2.46623,1.614793,1.314283
2.46873,1.61688,1.31554
2.47124,1.618813,1.316717
2.47374,1.620591,1.317813
2.47624,1.622215,1.318828
2.47874,1.623683,1.319762
2.48124,1.624997,1.320615
2.48374,1.626154,1.321387
2.48624,1.627156,1.322078
2.48874,1.628003,1.322688
2.49125,1.628693,1.323217
2.49375,1.629228,1.323665
2.49625,1.629606,1.324032
2.49875,1.629829,1.324318
2.50125,1.629897,1.324524
2.50375,1.629808,1.324649
2.50625,1.629565,1.324694
2.50875,1.629166,1.324659
2.51126,1.628612,1.324544
2.51376,1.627904,1.324349
2.51626,1.627041,1.324074
2.51876,1.626024,1.32372
2.52126,1.624854,1.323287
2.52376,1.62353,1.322775
2.52626,1.622054,1.322184
2.52876,1.620425,1.321516
2.53127,1.618645,1.32077
2.53377,1.616714,1.319946
2.53627,1.614632,1.319045
2.53877,1.612401,1.318067
2.54127,1.61002,1.317013
2.54377,1.607491,1.315884
2.54627,1.604814,1.314679
2.54877,1.601991,1.313399
2.55128,1.599021,1.312044
2.55378,1.595907,1.310616
2.55628,1.592648,1.309114
2.55878,1.589246,1.307539
2.56128,1.585701,1.305892
2.56378,1.582015,1.304173
2.56628,1.578189,1.302383
2.56878,1.574224,1.300522
2.57129,1.570121,1.298592
2.57379,1.56588,1.296592
2.57629,1.561504,1.294523
2.57879,1.556994,1.292387
2.58129,1.55235,1.290183
2.58379,1.547574,1.287912
2.58629,1.542667,1.285575
2.58879,1.53763,1.283174
2.5913,1.532466,1.280707
2.5938,1.527175,1.278177
2.5963,1.521759,1.275585
2.5988,1.516219,1.272929
2.6013,1.510556,1.270213
2.6038,1.504773,1.267436
2.6063,1.498871,1.264599
2.6088,1.49285,1.261703
2.61131,1.486714,1.25875
2.61381,1.480463,1.255739
2.61631,1.4741,1.252671
2.61881,1.467625,1.249548
2.62131,1.461041,1.246371
2.62381,1.454349,1.24314
2.62631,1.447551,1.239856
2.62881,1.440649,1.236521
2.63132,1.433644,1.233134
2.63382,1.426539,1.229698
2.63632,1.419335,1.226213
2.63882,1.412035,1.222679
2.64132,1.404639,1.219099
2.64382,1.39715,1.215473
2.64632,1.38957,1.211801
2.64882,1.381901,1.208086
2.65133,1.374145,1.204328
2.65383,1.366304,1.200527
2.65633,1.358379,1.196686
2.65883,1.350373,1.192805
2.66133,1.342288,1.188885
2.66383,1.334127,1.184927
2.66633,1.32589,1.180932
2.66883,1.31758,1.176902
2.67134,1.3092,1.172837
2.67384,1.300751,1.168738
2.67634,1.292235,1.164608
2.67884,1.283656,1.160445
2.68134,1.275014,1.156253
2.68384,1.266312,1.152031
2.68634,1.257553,1.147782
2.68884,1.248738,1.143505
2.69135,1.23987,1.139203
2.69385,1.230951,1.134875
2.69635,1.221983,1.130525
2.69885,1.212968,1.126152
2.70135,1.203909,1.121757
2.70385,1.194809,1.117343
2.70635,1.185668,1.112909
2.70885,1.176491,1.108457
2.71136,1.167278,1.103989
2.71386,1.158032,1.099505
2.71636,1.148756,1.095007
2.71886,1.139452,1.090495
2.72136,1.130122,1.085971
2.72386,1.120768,1.081436
2.72636,1.111394,1.076891
2.72886,1.102,1.072337
2.73137,1.09259,1.067775
2.73387,1.083166,1.063208
2.73637,1.07373,1.058634
2.73887,1.064284,1.054057
2.74137,1.054831,1.049476
2.74387,1.045374,1.044894
2.74637,1.035914,1.04031
2.74887,1.026454,1.035728
2.75138,1.016996,1.031146
2.75388,1.007543,1.026567
2.75638,0.998096,1.021992
2.75888,0.988659,1.017422
2.76138,0.979233,1.012857
2.76388,0.969821,1.0083
2.76638,0.960426,1.003751
2.76888,0.951048,0.999211
2.77139,0.941692,0.994681
2.77389,0.932358,0.990163
2.77639,0.92305,0.985658
2.77889,0.91377,0.981166
2.78139,0.904519,0.976689
2.78389,0.8953,0.972228
2.78639,0.886116,0.967783
2.78889,0.876968,0.963357
2.7914,0.86786,0.958949
2.7939,0.858792,0.954562
2.7964,0.849767,0.950195
2.7989,0.840788,0.945851
2.8014,0.831857,0.941529
2.8039,0.822975,0.937232
2.8064,0.814145,0.93296
2.8089,0.805369,0.928714
2.81141,0.79665,0.924495
2.81391,0.787988,0.920304
2.81641,0.779387,0.916143
2.81891,0.770849,0.912011
2.82141,0.762375,0.90791
2.82391,0.753967,0.903841
2.82641,0.745628,0.899805
2.82891,0.737359,0.895803
2.83142,0.729163,0.891836
2.83392,0.721041,0.887904
2.83642,0.712996,0.884008
2.83892,0.705029,0.88015
2.84142,0.697142,0.87633
2.84392,0.689337,0.872549
2.84642,0.681616,0.868809
2.84892,0.673981,0.865108
2.85143,0.666433,0.86145
2.85393,0.658975,0.857834
2.85643,0.651607,0.854261
2.85893,0.644333,0.850732
2.86143,0.637153,0.847247
2.86393,0.630069,0.843809
2.86643,0.623083,0.840416
2.86893,0.616197,0.837071
2.87144,0.609412,0.833773
2.87394,0.602729,0.830523
2.87644,0.596151,0.827323
2.87894,0.589678,0.824172
2.88144,0.583313,0.821072
2.88394,0.577057,0.818023
2.88644,0.57091,0.815026
2.88894,0.564876,0.812081
2.89145,0.558954,0.809189
2.89395,0.553147,0.80635
2.89645,0.547455,0.803566
2.89895,0.54188,0.800836
2.90145,0.536424,0.798162
2.90395,0.531087,0.795544
2.90645,0.525871,0.792981
2.90895,0.520776,0.790476
2.91146,0.515805,0.788028
2.91396,0.510957,0.785638
2.91646,0.506235,0.783306
2.91896,0.50164,0.781032
2.92146,0.497171,0.778818
2.92396,0.492831,0.776663
2.92646,0.48862,0.774568
2.92896,0.484539,0.772534
2.93147,0.480589,0.77056
2.93397,0.476771,0.768647
2.93647,0.473086,0.766796
2.93897,0.469534,0.765006
2.94147,0.466116,0.763278
2.94397,0.462833,0.761613
2.94647,0.459686,0.76001
2.94897,0.456676,0.75847
2.95148,0.453802,0.756993
2.95398,0.451066,0.755579
2.95648,0.448467,0.754229
2.95898,0.446008,0.752942
2.96148,0.443687,0.751719
2.96398,0.441506,0.75056
2.96648,0.439465,0.749466
2.96898,0.437563,0.748435
2.97149,0.435803,0.747469
2.97399,0.434184,0.746567
2.97649,0.432705,0.74573
2.97899,0.431368,0.744958
2.98149,0.430173,0.74425
2.98399,0.429119,0.743607
2.98649,0.428208,0.743029
2.98899,0.427438,0.742515
2.9915,0.426811,0.742066
2.994,0.426325,0.741681
2.9965,0.425982,0.741362
2.999,0.42578,0.741106
3.0015,0.425721,0.740915
3.004,0.425803,0.740789
3.0065,0.426027,0.740727
3.009,0.426393,0.740728
3.01151,0.426899,0.740794
3.01401,0.427547,0.740924
3.01651,0.428336,0.741117
3.01901,0.429265,0.741374
3.02151,0.430334,0.741694
3.02401,0.431542,0.742076
3.02651,0.43289,0.742522
3.02901,0.434377,0.74303
3.03152,0.436002,0.743601
3.03402,0.437764,0.744233
3.03652,0.439664,0.744927
3.03902,0.4417,0.745683
3.04152,0.443872,0.746499
3.04402,0.44618,0.747376
3.04652,0.448622,0.748314
3.04902,0.451198,0.749311
3.05153,0.453907,0.750369
3.05403,0.456749,0.751485
3.05653,0.459721,0.75266
3.05903,0.462825,0.753894
3.06153,0.466058,0.755185
3.06403,0.46942,0.756534
3.06653,0.47291,0.75794
3.06903,0.476527,0.759403
3.07154,0.48027,0.760922
3.07404,0.484137,0.762496
3.07654,0.488129,0.764125
3.07904,0.492243,0.765809
3.08154,0.496478,0.767547
3.08404,0.500834,0.769338
3.08654,0.50531,0.771183
3.08904,0.509903,0.773079
3.09155,0.514613,0.775027
3.09405,0.519438,0.777027
3.09655,0.524378,0.779077
3.09905,0.52943,0.781176
3.10155,0.534594,0.783326
3.10405,0.539868,0.785523
3.10655,0.545251,0.787769
3.10905,0.550741,0.790062
3.11156,0.556337,0.792402
3.11406,0.562037,0.794787
3.11656,0.56784,0.797218
3.11906,0.573745,0.799694
3.12156,0.579749,0.802213
3.12406,0.585851,0.804776
3.12656,0.59205,0.807381
3.12906,0.598344,0.810027
3.13157,0.604731,0.812715
3.13407,0.61121,0.815443
3.13657,0.617779,0.81821
3.13907,0.624437,0.821015
3.14157,0.63118,0.823859
3.14407,0.638009,0.82674
3.14657,0.644921,0.829657
3.14907,0.651914,0.832609
3.15158,0.658986,0.835597
3.15408,0.666136,0.838618
3.15658,0.673362,0.841672
3.15908,0.680662,0.844758
3.16158,0.688034,0.847876
3.16408,0.695476,0.851024
3.16658,0.702987,0.854202
3.16908,0.710563,0.857408
3.17159,0.718205,0.860643
3.17409,0.725909,0.863905
3.17659,0.733673,0.867193
3.17909,0.741496,0.870506
3.18159,0.749375,0.873844
3.18409,0.757309,0.877206
3.18659,0.765296,0.880591
3.18909,0.773333,0.883997
3.1916,0.781419,0.887424
3.1941,0.789551,0.890871
3.1966,0.797728,0.894338
3.1991,0.805947,0.897823
3.2016,0.814207,0.901325
3.2041,0.822504,0.904844
3.2066,0.830838,0.908378
3.2091,0.839206,0.911927
3.21161,0.847606,0.91549
3.21411,0.856035,0.919065
3.21661,0.864493,0.922653
3.21911,0.872976,0.926251
3.22161,0.881482,0.92986
3.22411,0.89001,0.933478
3.22661,0.898557,0.937104
3.22911,0.907122,0.940738
3.23162,0.915701,0.944378
3.23412,0.924293,0.948023
3.23662,0.932896,0.951674
3.23912,0.941508,0.955328
3.24162,0.950126,0.958985
3.24412,0.958749,0.962643
3.24662,0.967373,0.966303
3.24912,0.975998,0.969963
3.25163,0.984621,0.973622
3.25413,0.993239,0.977279
3.25663,1.001852,0.980934
3.25913,1.010456,0.984585
3.26163,1.019049,0.988232
3.26413,1.02763,0.991874
3.26663,1.036195,0.995509
3.26913,1.044744,0.999138
3.27164,1.053275,1.002758
3.27414,1.061784,1.00637
3.27664,1.07027,1.009972
3.27914,1.07873,1.013563
3.28164,1.087164,1.017144
3.28414,1.095568,1.020711
3.28664,1.103941,1.024266
3.28914,1.112281,1.027807
3.29165,1.120585,1.031333
3.29415,1.128851,1.034843
3.29665,1.137078,1.038337
3.29915,1.145264,1.041814
3.30165,1.153406,1.045272
3.30415,1.161503,1.048711
3.30665,1.169553,1.052131
3.30915,1.177553,1.055531
3.31166,1.185502,1.058908
3.31416,1.193398,1.062264
3.31666,1.201239,1.065597
3.31916,1.209023,1.068907
3.32166,1.216748,1.072191
3.32416,1.224412,1.075451
3.32666,1.232014,1.078685
3.32916,1.239552,1.081892
3.33167,1.247024,1.085072
3.33417,1.254427,1.088223
3.33667,1.261761,1.091346
3.33917,1.269024,1.094439
3.34167,1.276214,1.097502
3.34417,1.283328,1.100534
3.34667,1.290366,1.103535
3.34917,1.297326,1.106503
3.35168,1.304207,1.109438
3.35418,1.311005,1.11234
3.35668,1.317721,1.115207
3.35918,1.324352,1.11804
3.36168,1.330897,1.120837
3.36418,1.337354,1.123598
3.36668,1.343722,1.126322
3.36918,1.349999,1.129009
3.37169,1.356184,1.131659
3.37419,1.362275,1.134269
3.37669,1.368271,1.136841
3.37919,1.374171,1.139373
3.38169,1.379973,1.141866
3.38419,1.385675,1.144317
3.38669,1.391278,1.146728
3.38919,1.396778,1.149097
3.3917,1.402176,1.151424
3.3942,1.407469,1.153708
3.3967,1.412656,1.155949
3.3992,1.417737,1.158147
3.4017,1.422711,1.160301
3.4042,1.427575,1.16241
3.4067,1.432329,1.164475
3.4092,1.436972,1.166494
3.41171,1.441503,1.168468
3.41421,1.445921,1.170396
3.41671,1.450224,1.172277
3.41921,1.454413,1.174112
3.42171,1.458485,1.1759
3.42421,1.462441,1.17764
3.42671,1.466278,1.179332
3.42921,1.469997,1.180977
3.43172,1.473597,1.182573
3.43422,1.477076,1.18412
3.43672,1.480435,1.185619
3.43922,1.483671,1.187069
3.44172,1.486785,1.188469
3.44422,1.489776,1.189819
3.44672,1.492644,1.19112
3.44922,1.495387,1.19237
3.45173,1.498005,1.19357
3.45423,1.500498,1.19472
3.45673,1.502866,1.195819
3.45923,1.505106,1.196868
3.46173,1.50722,1.197865
3.46423,1.509207,1.198812
3.46673,1.511067,1.199707
3.46923,1.512798,1.200551
3.47174,1.514401,1.201344
3.47424,1.515876,1.202085
3.47674,1.517222,1.202775
3.47924,1.518439,1.203413
3.48174,1.519528,1.203999
3.48424,1.520486,1.204534
3.48674,1.521316,1.205017
3.48924,1.522016,1.205449
3.49175,1.522586,1.205829
3.49425,1.523027,1.206157
3.49675,1.523338,1.206433
3.49925,1.52352,1.206658
3.50175,1.523573,1.206832
3.50425,1.523496,1.206954
3.50675,1.52329,1.207025
3.50925,1.522955,1.207045
3.51176,1.522491,1.207013
3.51426,1.521899,1.206931
3.51676,1.521178,1.206797
3.51926,1.520329,1.206613
3.52176,1.519353,1.206379
3.52426,1.51825,1.206094
3.52676,1.517019,1.205758
3.52926,1.515662,1.205373
3.53177,1.514179,1.204938
3.53427,1.51257,1.204453
3.53677,1.510837,1.203919
3.53927,1.508978,1.203336
3.54177,1.506996,1.202704
3.54427,1.504891,1.202024
3.54677,1.502663,1.201295
3.54927,1.500312,1.200518
3.55178,1.497841,1.199693
3.55428,1.495249,1.198821
3.55678,1.492537,1.197902
3.55928,1.489706,1.196936
3.56178,1.486756,1.195924
3.56428,1.48369,1.194866
3.56678,1.480506,1.193762
3.56928,1.477207,1.192612
3.57179,1.473793,1.191418
3.57429,1.470266,1.190179
3.57679,1.466625,1.188896
3.57929,1.462873,1.187569
3.58179,1.45901,1.186199
3.58429,1.455037,1.184786
3.58679,1.450955,1.183331
3.58929,1.446766,1.181834
3.5918,1.442471,1.180295
3.5943,1.43807,1.178715
3.5968,1.433565,1.177095
3.5993,1.428958,1.175434
3.6018,1.424248,1.173734
3.6043,1.419439,1.171995
3.6068,1.41453,1.170218
3.6093,1.409523,1.168402
3.61181,1.40442,1.166549
3.61431,1.399222,1.164659
3.61681,1.39393,1.162733
3.61931,1.388546,1.16077
3.62181,1.38307,1.158773
3.62431,1.377506,1.156741
3.62681,1.371853,1.154675
3.62931,1.366113,1.152575
3.63182,1.360289,1.150442
3.63432,1.354381,1.148277
3.63682,1.348391,1.14608
3.63932,1.34232,1.143852
3.64182,1.336171,1.141594
3.64432,1.329944,1.139306
3.64682,1.323642,1.136988
3.64932,1.317265,1.134642
3.65183,1.310816,1.132268
3.65433,1.304297,1.129867
3.65683,1.297708,1.127439
3.65933,1.291052,1.124985
3.66183,1.28433,1.122505
3.66433,1.277544,1.120001
3.66683,1.270696,1.117474
3.66933,1.263787,1.114922
3.67184,1.25682,1.112348
3.67434,1.249795,1.109752
3.67684,1.242716,1.107135
3.67934,1.235583,1.104498
3.68184,1.228398,1.10184
3.68434,1.221164,1.099163
3.68684,1.213882,1.096468
3.68934,1.206554,1.093755
3.69185,1.199181,1.091025
3.69435,1.191767,1.088279
3.69685,1.184311,1.085517
3.69935,1.176818,1.08274
3.70185,1.169287,1.079949
3.70435,1.161721,1.077145
3.70685,1.154123,1.074328
3.70935,1.146494,1.071498
3.71186,1.138835,1.068658
3.71436,1.13115,1.065807
3.71686,1.123439,1.062946
3.71936,1.115704,1.060076
3.72186,1.107948,1.057197
3.72436,1.100173,1.054311
3.72686,1.09238,1.051418
3.72936,1.084572,1.048519
3.73187,1.07675,1.045614
3.73437,1.068916,1.042705
3.73687,1.061073,1.039791
3.73937,1.053221,1.036875
3.74187,1.045364,1.033955
3.74437,1.037503,1.031034
3.74687,1.02964,1.028112
3.74937,1.021777,1.02519
3.75188,1.013915,1.022267
3.75438,1.006058,1.019346
3.75688,0.998206,1.016427
3.75938,0.990362,1.01351
3.76188,0.982528,1.010596
3.76438,0.974705,1.007686
3.76688,0.966895,1.004781
3.76938,0.959101,1.001881
3.77189,0.951325,0.998987
3.77439,0.943567,0.9961
3.77689,0.935831,0.993221
3.77939,0.928117,0.990349
3.78189,0.920429,0.987487
3.78439,0.912767,0.984634
3.78689,0.905134,0.981791
3.78939,0.897531,0.978958
3.7919,0.889961,0.976138
3.7944,0.882424,0.97333
3.7969,0.874924,0.970534
3.7994,0.867462,0.967752
3.8019,0.860039,0.964984
3.8044,0.852658,0.962232
3.8069,0.845319,0.959494
3.8094,0.838026,0.956773
3.81191,0.83078,0.954068
3.81441,0.823582,0.951381
3.81691,0.816434,0.948712
3.81941,0.809338,0.946062
3.82191,0.802296,0.943431
3.82441,0.795309,0.940819
3.82691,0.788379,0.938228
3.82941,0.781507,0.935659
3.83192,0.774696,0.93311
3.83442,0.767947,0.930584
3.83692,0.761261,0.928081
3.83942,0.754641,0.925601
3.84192,0.748087,0.923145
3.84442,0.741602,0.920714
3.84692,0.735186,0.918308
3.84942,0.728841,0.915927
3.85193,0.72257,0.913572
3.85443,0.716372,0.911244
3.85693,0.710251,0.908943
3.85943,0.704206,0.906669
3.86193,0.69824,0.904424
3.86443,0.692354,0.902207
3.86693,0.68655,0.90002
3.86943,0.680828,0.897861
3.87194,0.67519,0.895733
3.87444,0.669638,0.893636
3.87694,0.664173,0.891569
3.87944,0.658795,0.889534
3.88194,0.653507,0.887531
3.88444,0.648309,0.88556
3.88694,0.643202,0.883621
3.88944,0.638189,0.881716
3.89195,0.633269,0.879844
3.89445,0.628445,0.878006
3.89695,0.623716,0.876202
3.89945,0.619085,0.874433
3.90195,0.614552,0.872698
3.90445,0.610119,0.870999
3.90695,0.605786,0.869336
3.90945,0.601554,0.867708
3.91196,0.597425,0.866117
3.91446,0.593398,0.864562
3.91696,0.589476,0.863045
3.91946,0.585659,0.861564
3.92196,0.581948,0.860121
3.92446,0.578343,0.858716
3.92696,0.574846,0.857349
3.92946,0.571456,0.85602
3.93197,0.568176,0.854729
3.93447,0.565006,0.853477
3.93697,0.561945,0.852265
3.93947,0.558996,0.851091
3.94197,0.556158,0.849957
3.94447,0.553433,0.848862
3.94697,0.55082,0.847807
3.94947,0.548321,0.846792
3.95198,0.545935,0.845817
3.95448,0.543664,0.844882
3.95698,0.541507,0.843988
3.95948,0.539466,0.843134
3.96198,0.53754,0.84232
3.96448,0.53573,0.841548
3.96698,0.534036,0.840816
3.96948,0.532459,0.840125
3.97199,0.530999,0.839475
3.97449,0.529656,0.838867
3.97699,0.528431,0.838299
3.97949,0.527322,0.837772
3.98199,0.526332,0.837287
3.98449,0.52546,0.836843
3.98699,0.524705,0.83644
3.98949,0.524068,0.836079
3.992,0.52355,0.835758
3.9945,0.52315,0.835479
3.997,0.522867,0.835241
3.9995,0.522703,0.835045
4.002,0.522657,0.834889
4.0045,0.522728,0.834775
4.007,0.522918,0.834701
4.0095,0.523225,0.834669
4.01201,0.523649,0.834677
4.01451,0.524191,0.834726
4.01701,0.524849,0.834816
4.01951,0.525625,0.834946
4.02201,0.526516,0.835117
4.02451,0.527524,0.835328
4.02701,0.528648,0.835579
4.02951,0.529886,0.835871
4.03202,0.53124,0.836202
4.03452,0.532708,0.836572
4.03702,0.53429,0.836982
4.03952,0.535986,0.837432
4.04202,0.537795,0.837921
4.04452,0.539716,0.838448
4.04702,0.541749,0.839014
4.04952,0.543893,0.839619
4.05203,0.546147,0.840262
4.05453,0.548512,0.840942
4.05703,0.550986,0.841661
4.05953,0.553569,0.842417
4.06203,0.556259,0.84321
4.06453,0.559057,0.84404
4.06703,0.56196,0.844907
4.06953,0.56497,0.84581
4.07204,0.568083,0.846749
4.07454,0.571301,0.847723
4.07704,0.574621,0.848733
4.07954,0.578044,0.849779
4.08204,0.581567,0.850858
4.08454,0.58519,0.851973
4.08704,0.588913,0.853121
4.08954,0.592733,0.854303
4.09205,0.596651,0.855518
4.09455,0.600664,0.856766
4.09705,0.604773,0.858047
4.09955,0.608975,0.859359
4.10205,0.61327,0.860704
4.10455,0.617656,0.86208
4.10705,0.622132,0.863487
4.10955,0.626698,0.864924
4.11206,0.631352,0.866391
4.11456,0.636092,0.867889
4.11706,0.640918,0.869415
4.11956,0.645828,0.87097
4.12206,0.650821,0.872554
4.12456,0.655896,0.874165
4.12706,0.66105,0.875804
4.12956,0.666284,0.87747
4.13207,0.671595,0.879162
4.13457,0.676983,0.88088
4.13707,0.682445,0.882624
4.13957,0.68798,0.884393
4.14207,0.693588,0.886186
4.14457,0.699266,0.888004
4.14707,0.705012,0.889845
4.14957,0.710827,0.891709
4.15208,0.716707,0.893595
4.15458,0.722652,0.895504
4.15708,0.72866,0.897434
4.15958,0.734729,0.899385
4.16208,0.740859,0.901357
4.16458,0.747046,0.903348
4.16708,0.75329,0.905359
4.16958,0.75959,0.907389
4.17209,0.765943,0.909437
4.17459,0.772347,0.911503
4.17709,0.778802,0.913586
4.17959,0.785306,0.915685
4.18209,0.791857,0.917801
4.18459,0.798453,0.919932
4.18709,0.805093,0.922078
4.18959,0.811774,0.924239
4.1921,0.818496,0.926413
4.1946,0.825257,0.928601
4.1971,0.832054,0.930801
4.1996,0.838887,0.933014
4.2021,0.845753,0.935238
4.2046,0.852651,0.937473
4.2071,0.859579,0.939719
4.2096,0.866535,0.941974
4.21211,0.873518,0.944239
4.21461,0.880525,0.946512
4.21711,0.887555,0.948794
4.21961,0.894607,0.951082
4.22211,0.901678,0.953378
4.22461,0.908767,0.95568
4.22711,0.915872,0.957988
4.22961,0.922991,0.960302
4.23212,0.930123,0.962619
4.23462,0.937265,0.964941
4.23712,0.944416,0.967266
4.23962,0.951574,0.969595
4.24212,0.958738,0.971925
4.24462,0.965905,0.974257
4.24712,0.973074,0.97659
4.24962,0.980243,0.978924
4.25213,0.98741,0.981258
4.25463,0.994574,0.983591
4.25713,1.001732,0.985923
4.25963,1.008883,0.988253
4.26213,1.016026,0.990581
4.26463,1.023158,0.992906
4.26713,1.030278,0.995227
4.26963,1.037383,0.997544
4.27214,1.044473,0.999857
4.27464,1.051545,1.002165
4.27714,1.058598,1.004467
4.27964,1.06563,1.006763
4.28214,1.07264,1.009052
4.28464,1.079625,1.011333
4.28714,1.086584,1.013607
4.28964,1.093515,1.015872
4.29215,1.100416,1.018128
4.29465,1.107287,1.020375
4.29715,1.114124,1.022611
4.29965,1.120927,1.024837
4.30215,1.127694,1.027052
4.30465,1.134423,1.029255
4.30715,1.141113,1.031447
4.30965,1.147762,1.033625
4.31216,1.154368,1.03579
4.31466,1.16093,1.037942
4.31716,1.167446,1.040079
4.31966,1.173914,1.042202
4.32216,1.180334,1.044309
4.32466,1.186704,1.046401
4.32716,1.193021,1.048477
4.32966,1.199285,1.050536
4.33217,1.205494,1.052578
4.33467,1.211646,1.054602
4.33717,1.217741,1.056609
4.33967,1.223776,1.058597
4.34217,1.22975,1.060566
4.34467,1.235662,1.062515
4.34717,1.241511,1.064445
4.34967,1.247294,1.066355
4.35218,1.253011,1.068244
4.35468,1.25866,1.070112
4.35718,1.264241,1.071958
4.35968,1.26975,1.073783
4.36218,1.275189,1.075585
4.36468,1.280554,1.077365
4.36718,1.285845,1.079121
4.36968,1.29106,1.080854
4.37219,1.296199,1.082564
4.37469,1.30126,1.084249
4.37719,1.306242,1.085909
4.37969,1.311143,1.087545
4.38219,1.315964,1.089155
4.38469,1.320702,1.09074
4.38719,1.325356,1.092298
4.38969,1.329926,1.093831
4.3922,1.33441,1.095337
4.3947,1.338807,1.096816
4.3972,1.343117,1.098267
4.3997,1.347338,1.099692
4.4022,1.351469,1.101088
4.4047,1.35551,1.102457
4.4072,1.359459,1.103797
4.4097,1.363316,1.105108
4.41221,1.36708,1.106391
4.41471,1.370749,1.107644
4.41721,1.374324,1.108868
4.41971,1.377803,1.110063
4.42221,1.381185,1.111227
4.42471,1.38447,1.112362
4.42721,1.387657,1.113466
4.42971,1.390746,1.11454
4.43222,1.393735,1.115583
4.43472,1.396624,1.116596
4.43722,1.399413,1.117577
4.43972,1.402101,1.118527
4.44222,1.404686,1.119446
4.44472,1.40717,1.120333
4.44722,1.409551,1.121189
4.44972,1.411828,1.122012
4.45223,1.414002,1.122804
4.45473,1.416071,1.123564
4.45723,1.418036,1.124291
4.45973,1.419895,1.124987
4.46223,1.42165,1.125649
4.46473,1.423298,1.12628
4.46723,1.424841,1.126878
4.46973,1.426277,1.127443
4.47224,1.427607,1.127975
4.47474,1.42883,1.128475
4.47724,1.429946,1.128942
4.47974,1.430955,1.129376
4.48224,1.431856,1.129777
4.48474,1.43265,1.130145
4.48724,1.433337,1.13048
4.48974,1.433916,1.130782
4.49225,1.434387,1.131052
4.49475,1.434751,1.131288
4.49725,1.435007,1.131492
4.49975,1.435155,1.131662
4.50225,1.435196,1.1318
4.50475,1.435129,1.131905
4.50725,1.434955,1.131977
4.50975,1.434673,1.132016
4.51226,1.434285,1.132023
4.51476,1.43379,1.131997
4.51726,1.433188,1.131939
4.51976,1.43248,1.131848
4.52226,1.431665,1.131725
4.52476,1.430745,1.13157
4.52726,1.429719,1.131383
4.52976,1.428589,1.131163
4.53227,1.427353,1.130912
4.53477,1.426013,1.130629
4.53727,1.424569,1.130314
4.53977,1.423022,1.129968
4.54227,1.421372,1.129591
4.54477,1.419619,1.129182
4.54727,1.417764,1.128743
4.54977,1.415808,1.128273
4.55228,1.413751,1.127772
4.55478,1.411594,1.127241
4.55728,1.409337,1.12668
4.55978,1.406981,1.126088
4.56228,1.404527,1.125467
4.56478,1.401975,1.124816
4.56728,1.399326,1.124136
4.56978,1.396581,1.123427
4.57229,1.393741,1.122689
4.57479,1.390807,1.121923
4.57729,1.387778,1.121128
4.57979,1.384657,1.120305
4.58229,1.381443,1.119454
4.58479,1.378138,1.118575
4.58729,1.374743,1.117669
4.58979,1.371259,1.116737
4.5923,1.367686,1.115777
4.5948,1.364026,1.114791
4.5973,1.360279,1.113779
4.5998,1.356447,1.112742
4.6023,1.35253,1.111678
4.6048,1.34853,1.11059
4.6073,1.344448,1.109477
4.6098,1.340284,1.108339
4.61231,1.33604,1.107177
4.61481,1.331717,1.105991
4.61731,1.327317,1.104782
4.61981,1.322839,1.103549
4.62231,1.318286,1.102294
4.62481,1.313659,1.101017
4.62731,1.308958,1.099717
4.62981,1.304185,1.098396
4.63232,1.299342,1.097053
4.63482,1.29443,1.095689
4.63732,1.289449,1.094305
4.63982,1.284401,1.092901
4.64232,1.279288,1.091477
4.64482,1.274111,1.090033
4.64732,1.26887,1.088571
4.64982,1.263568,1.08709
4.65233,1.258206,1.085591
4.65483,1.252786,1.084074
4.65733,1.247308,1.082539
4.65983,1.241773,1.080988
4.66233,1.236185,1.079421
4.66483,1.230543,1.077837
4.66733,1.224849,1.076237
4.66983,1.219105,1.074623
4.67234,1.213313,1.072993
4.67484,1.207473,1.07135
4.67734,1.201587,1.069692
4.67984,1.195657,1.068021
4.68234,1.189684,1.066336
4.68484,1.18367,1.06464
4.68734,1.177616,1.062931
4.68984,1.171524,1.06121
4.69235,1.165395,1.059478
4.69485,1.159231,1.057736
4.69735,1.153033,1.055983
4.69985,1.146803,1.05422
4.70235,1.140543,1.052447
4.70485,1.134254,1.050666
4.70735,1.127937,1.048876
4.70985,1.121595,1.047079
4.71236,1.115228,1.045273
4.71486,1.10884,1.043461
4.71736,1.10243,1.041641
4.71986,1.096,1.039816
4.72236,1.089553,1.037985
4.72486,1.08309,1.036149
4.72736,1.076612,1.034307
4.72986,1.070122,1.032462
4.73237,1.06362,1.030613
4.73487,1.057108,1.02876
4.73737,1.050588,1.026904
4.73987,1.044062,1.025046
4.74237,1.037531,1.023186
4.74487,1.030996,1.021324
4.74737,1.024461,1.019461
4.74987,1.017925,1.017598
4.75238,1.01139,1.015734
4.75488,1.004859,1.013871
4.75738,0.998333,1.012008
4.75988,0.991813,1.010147
4.76238,0.985301,1.008287
4.76488,0.978799,1.00643
4.76738,0.972308,1.004575
4.76988,0.96583,1.002723
4.77239,0.959367,1.000874
4.77489,0.952919,0.99903
4.77739,0.946489,0.99719
4.77989,0.940078,0.995354
4.78239,0.933688,0.993524
4.78489,0.92732,0.9917
4.78739,0.920976,0.989882
4.78989,0.914657,0.98807
4.7924,0.908366,0.986265
4.7949,0.902102,0.984468
4.7974,0.895869,0.982679
4.7999,0.889667,0.980898
4.8024,0.883498,0.979125
4.8049,0.877363,0.977362
4.8074,0.871265,0.975608
4.8099,0.865204,0.973865
4.81241,0.859181,0.972131
4.81491,0.853199,0.970409
4.81741,0.847259,0.968697
4.81991,0.841362,0.966997
4.82241,0.83551,0.965309
4.82491,0.829704,0.963634
4.82741,0.823945,0.961971
4.82991,0.818235,0.960321
4.83242,0.812575,0.958685
4.83492,0.806966,0.957062
4.83742,0.80141,0.955454
4.83992,0.795909,0.95386
4.84242,0.790463,0.952282
4.84492,0.785073,0.950719
4.84742,0.779742,0.949171
4.84992,0.77447,0.947639
4.85243,0.769259,0.946124
4.85493,0.764109,0.944625
4.85743,0.759023,0.943144
4.85993,0.754,0.94168
4.86243,0.749043,0.940233
4.86493,0.744153,0.938804
4.86743,0.73933,0.937394
4.86993,0.734576,0.936003
4.87244,0.729892,0.93463
4.87494,0.725278,0.933276
4.87744,0.720737,0.931942
4.87994,0.716269,0.930628
4.88244,0.711876,0.929334
4.88494,0.707557,0.92806
4.88744,0.703315,0.926807
4.88994,0.69915,0.925574
4.89245,0.695063,0.924363
4.89495,0.691055,0.923173
4.89745,0.687127,0.922005
4.89995,0.683279,0.920858
4.90245,0.679514,0.919734
4.90495,0.675831,0.918632
4.90745,0.672232,0.917553
4.90995,0.668716,0.916496
4.91246,0.665286,0.915462
4.91496,0.661942,0.914452
4.91746,0.658684,0.913464
4.91996,0.655514,0.912501
4.92246,0.652431,0.911561
4.92496,0.649437,0.910645
4.92746,0.646533,0.909753
4.92996,0.643718,0.908886
4.93247,0.640994,0.908043
4.93497,0.638361,0.907224
4.93747,0.63582,0.90643
4.93997,0.633371,0.905661
4.94247,0.631015,0.904917
4.94497,0.628752,0.904198
4.94747,0.626582,0.903505
4.94997,0.624507,0.902836
4.95248,0.622527,0.902194
4.95498,0.620642,0.901576
4.95748,0.618852,0.900985
4.95998,0.617157,0.900419
4.96248,0.615559,0.899879
4.96498,0.614057,0.899365
4.96748,0.612652,0.898877
4.96998,0.611344,0.898415
4.97249,0.610133,0.897979
4.97499,0.609019,0.897569
4.97749,0.608003,0.897186
4.97999,0.607085,0.896828
4.98249,0.606264,0.896497
4.98499,0.605542,0.896192
4.98749,0.604917,0.895914
4.98999,0.604391,0.895662
4.9925,0.603962,0.895436
4.995,0.603632,0.895236
4.9975,0.6034,0.895063
5.0,0.603266,0.894916
