f_Hz,Kprime_VG 10  (η = 10 mPa·s)_GPa,Kdoubleprime_VG 10  (η = 10 mPa·s)_GPa,tand_VG 10  (η = 10 mPa·s),Kprime_VG 22  (η = 22 mPa·s)_GPa,Kdoubleprime_VG 22  (η = 22 mPa·s)_GPa,tand_VG 22  (η = 22 mPa·s),Kprime_VG 46  (η = 46 mPa·s)_GPa,Kdoubleprime_VG 46  (η = 46 mPa·s)_GPa,tand_VG 46  (η = 46 mPa·s),Kprime_VG 100 (η = 100 mPa·s)_GPa,Kdoubleprime_VG 100 (η = 100 mPa·s)_GPa,tand_VG 100 (η = 100 mPa·s),Kprime_VG 320 (η = 320 mPa·s)_GPa,Kdoubleprime_VG 320 (η = 320 mPa·s)_GPa,tand_VG 320 (η = 320 mPa·s)
1.000e+03,1.500000,0.000000,0.000000,1.500000,0.000000,0.000000,1.500000,0.000000,0.000000,1.500000,0.000000,0.000000,1.500000,0.000000,0.000000
1.035e+03,1.500000,0.000000,0.000000,1.500000,0.000000,0.000000,1.500000,0.000000,0.000000,1.500000,0.000000,0.000000,1.500000,0.000000,0.000000
1.072e+03,1.500000,0.000000,0.000000,1.500000,0.000000,0.000000,1.500000,0.000000,0.000000,1.500000,0.000000,0.000000,1.500000,0.000000,0.000000
1.109e+03,1.500000,0.000000,0.000000,1.500000,0.000000,0.000000,1.500000,0.000000,0.000000,1.500000,0.000000,0.000000,1.500000,0.000000,0.000000
1.148e+03,1.500000,0.000000,0.000000,1.500000,0.000000,0.000000,1.500000,0.000000,0.000000,1.500000,0.000000,0.000000,1.500000,0.000000,0.000000
1.189e+03,1.500000,0.000000,0.000000,1.500000,0.000000,0.000000,1.500000,0.000000,0.000000,1.500000,0.000000,0.000000,1.500000,0.000000,0.000000
1.231e+03,1.500000,0.000000,0.000000,1.500000,0.000000,0.000000,1.500000,0.000000,0.000000,1.500000,0.000000,0.000000,1.500000,0.000000,0.000000
1.274e+03,1.500000,0.000000,0.000000,1.500000,0.000000,0.000000,1.500000,0.000000,0.000000,1.500000,0.000000,0.000000,1.500000,0.000000,0.000000
1.319e+03,1.500000,0.000000,0.000000,1.500000,0.000000,0.000000,1.500000,0.000000,0.000000,1.500000,0.000000,0.000000,1.500000,0.000000,0.000000
1.365e+03,1.500000,0.000000,0.000000,1.500000,0.000000,0.000000,1.500000,0.000000,0.000000,1.500000,0.000000,0.000000,1.500000,0.000000,0.000000
1.413e+03,1.500000,0.000000,0.000000,1.500000,0.000000,0.000000,1.500000,0.000000,0.000000,1.500000,0.000000,0.000000,1.500000,0.000000,0.000000
1.463e+03,1.500000,0.000000,0.000000,1.500000,0.000000,0.000000,1.500000,0.000000,0.000000,1.500000,0.000000,0.000000,1.500000,0.000000,0.000000
1.515e+03,1.500000,0.000000,0.000000,1.500000,0.000000,0.000000,1.500000,0.000000,0.000000,1.500000,0.000000,0.000000,1.500000,0.000000,0.000000
1.568e+03,1.500000,0.000000,0.000000,1.500000,0.000000,0.000000,1.500000,0.000000,0.000000,1.500000,0.000000,0.000000,1.500000,0.000000,0.000000
1.623e+03,1.500000,0.000000,0.000000,1.500000,0.000000,0.000000,1.500000,0.000000,0.000000,1.500000,0.000000,0.000000,1.500000,0.000000,0.000000
1.680e+03,1.500000,0.000000,0.000000,1.500000,0.000000,0.000000,1.500000,0.000000,0.000000,1.500000,0.000000,0.000000,1.500000,0.000000,0.000000
1.739e+03,1.500000,0.000000,0.000000,1.500000,0.000000,0.000000,1.500000,0.000000,0.000000,1.500000,0.000000,0.000000,1.500000,0.000000,0.000000
1.801e+03,1.500000,0.000000,0.000000,1.500000,0.000000,0.000000,1.500000,0.000000,0.000000,1.500000,0.000000,0.000000,1.500000,0.000000,0.000000
1.864e+03,1.500000,0.000000,0.000000,1.500000,0.000000,0.000000,1.500000,0.000000,0.000000,1.500000,0.000000,0.000000,1.500000,0.000000,0.000000
1.930e+03,1.500000,0.000000,0.000000,1.500000,0.000000,0.000000,1.500000,0.000000,0.000000,1.500000,0.000000,0.000000,1.500000,0.000000,0.000000
1.998e+03,1.500000,0.000000,0.000000,1.500000,0.000000,0.000000,1.500000,0.000000,0.000000,1.500000,0.000000,0.000000,1.500000,0.000000,0.000000
2.068e+03,1.500000,0.000000,0.000000,1.500000,0.000000,0.000000,1.500000,0.000000,0.000000,1.500000,0.000000,0.000000,1.500000,0.000000,0.000000
2.141e+03,1.500000,0.000000,0.000000,1.500000,0.000000,0.000000,1.500000,0.000000,0.000000,1.500000,0.000000,0.000000,1.500000,0.000000,0.000000
2.216e+03,1.500000,0.000000,0.000000,1.500000,0.000000,0.000000,1.500000,0.000000,0.000000,1.500000,0.000000,0.000000,1.500000,0.000000,0.000000
2.294e+03,1.500000,0.000000,0.000000,1.500000,0.000000,0.000000,1.500000,0.000000,0.000000,1.500000,0.000000,0.000000,1.500000,0.000000,0.000000
2.375e+03,1.500000,0.000000,0.000000,1.500000,0.000000,0.000000,1.500000,0.000000,0.000000,1.500000,0.000000,0.000000,1.500000,0.000000,0.000000
2.458e+03,1.500000,0.000000,0.000000,1.500000,0.000000,0.000000,1.500000,0.000000,0.000000,1.500000,0.000000,0.000000,1.500000,0.000000,0.000000
2.545e+03,1.500000,0.000000,0.000000,1.500000,0.000000,0.000000,1.500000,0.000000,0.000000,1.500000,0.000000,0.000000,1.500000,0.000000,0.000000
2.635e+03,1.500000,0.000000,0.000000,1.500000,0.000000,0.000000,1.500000,0.000000,0.000000,1.500000,0.000000,0.000000,1.500000,0.000000,0.000000
2.727e+03,1.500000,0.000000,0.000000,1.500000,0.000000,0.000000,1.500000,0.000000,0.000000,1.500000,0.000000,0.000000,1.500000,0.000000,0.000000
2.823e+03,1.500000,0.000000,0.000000,1.500000,0.000000,0.000000,1.500000,0.000000,0.000000,1.500000,0.000000,0.000000,1.500000,0.000000,0.000000
2.923e+03,1.500000,0.000000,0.000000,1.500000,0.000000,0.000000,1.500000,0.000000,0.000000,1.500000,0.000000,0.000000,1.500000,0.000000,0.000000
3.026e+03,1.500000,0.000000,0.000000,1.500000,0.000000,0.000000,1.500000,0.000000,0.000000,1.500000,0.000000,0.000000,1.500000,0.000000,0.000000
3.132e+03,1.500000,0.000000,0.000000,1.500000,0.000000,0.000000,1.500000,0.000000,0.000000,1.500000,0.000000,0.000000,1.500000,0.000000,0.000000
3.242e+03,1.500000,0.000000,0.000000,1.500000,0.000000,0.000000,1.500000,0.000000,0.000000,1.500000,0.000000,0.000000,1.500000,0.000000,0.000000
3.356e+03,1.500000,0.000000,0.000000,1.500000,0.000000,0.000000,1.500000,0.000000,0.000000,1.500000,0.000000,0.000000,1.500000,0.000000,0.000000
3.475e+03,1.500000,0.000000,0.000000,1.500000,0.000000,0.000000,1.500000,0.000000,0.000000,1.500000,0.000000,0.000000,1.500000,0.000000,0.000000
3.597e+03,1.500000,0.000000,0.000000,1.500000,0.000000,0.000000,1.500000,0.000000,0.000000,1.500000,0.000000,0.000000,1.500000,0.000001,0.000000
3.724e+03,1.500000,0.000000,0.000000,1.500000,0.000000,0.000000,1.500000,0.000000,0.000000,1.500000,0.000000,0.000000,1.500000,0.000001,0.000000
3.855e+03,1.500000,0.000000,0.000000,1.500000,0.000000,0.000000,1.500000,0.000000,0.000000,1.500000,0.000000,0.000000,1.500000,0.000001,0.000000
3.990e+03,1.500000,0.000000,0.000000,1.500000,0.000000,0.000000,1.500000,0.000000,0.000000,1.500000,0.000000,0.000000,1.500000,0.000001,0.000000
4.131e+03,1.500000,0.000000,0.000000,1.500000,0.000000,0.000000,1.500000,0.000000,0.000000,1.500000,0.000000,0.000000,1.500000,0.000001,0.000000
4.276e+03,1.500000,0.000000,0.000000,1.500000,0.000000,0.000000,1.500000,0.000000,0.000000,1.500000,0.000000,0.000000,1.500000,0.000001,0.000000
4.427e+03,1.500000,0.000000,0.000000,1.500000,0.000000,0.000000,1.500000,0.000000,0.000000,1.500000,0.000000,0.000000,1.500000,0.000001,0.000000
4.582e+03,1.500000,0.000000,0.000000,1.500000,0.000000,0.000000,1.500000,0.000000,0.000000,1.500000,0.000000,0.000000,1.500000,0.000001,0.000000
4.744e+03,1.500000,0.000000,0.000000,1.500000,0.000000,0.000000,1.500000,0.000000,0.000000,1.500000,0.000000,0.000000,1.500000,0.000001,0.000000
4.911e+03,1.500000,0.000000,0.000000,1.500000,0.000000,0.000000,1.500000,0.000000,0.000000,1.500000,0.000000,0.000000,1.500000,0.000001,0.000000
5.084e+03,1.500000,0.000000,0.000000,1.500000,0.000000,0.000000,1.500000,0.000000,0.000000,1.500000,0.000000,0.000000,1.500000,0.000001,0.000000
5.263e+03,1.500000,0.000000,0.000000,1.500000,0.000000,0.000000,1.500000,0.000000,0.000000,1.500000,0.000000,0.000000,1.500000,0.000001,0.000000
5.448e+03,1.500000,0.000000,0.000000,1.500000,0.000000,0.000000,1.500000,0.000000,0.000000,1.500000,0.000000,0.000000,1.500000,0.000001,0.000001
5.640e+03,1.500000,0.000000,0.000000,1.500000,0.000000,0.000000,1.500000,0.000000,0.000000,1.500000,0.000000,0.000000,1.500000,0.000001,0.000001
5.838e+03,1.500000,0.000000,0.000000,1.500000,0.000000,0.000000,1.500000,0.000000,0.000000,1.500000,0.000000,0.000000,1.500000,0.000001,0.000001
6.044e+03,1.500000,0.000000,0.000000,1.500000,0.000000,0.000000,1.500000,0.000000,0.000000,1.500000,0.000000,0.000000,1.500000,0.000001,0.000001
6.256e+03,1.500000,0.000000,0.000000,1.500000,0.000000,0.000000,1.500000,0.000000,0.000000,1.500000,0.000000,0.000000,1.500000,0.000001,0.000001
6.477e+03,1.500000,0.000000,0.000000,1.500000,0.000000,0.000000,1.500000,0.000000,0.000000,1.500000,0.000000,0.000000,1.500000,0.000001,0.000001
6.705e+03,1.500000,0.000000,0.000000,1.500000,0.000000,0.000000,1.500000,0.000000,0.000000,1.500000,0.000000,0.000000,1.500000,0.000001,0.000001
6.941e+03,1.500000,0.000000,0.000000,1.500000,0.000000,0.000000,1.500000,0.000000,0.000000,1.500000,0.000000,0.000000,1.500000,0.000001,0.000001
7.185e+03,1.500000,0.000000,0.000000,1.500000,0.000000,0.000000,1.500000,0.000000,0.000000,1.500000,0.000000,0.000000,1.500000,0.000001,0.000001
7.438e+03,1.500000,0.000000,0.000000,1.500000,0.000000,0.000000,1.500000,0.000000,0.000000,1.500000,0.000000,0.000000,1.500000,0.000001,0.000001
7.700e+03,1.500000,0.000000,0.000000,1.500000,0.000000,0.000000,1.500000,0.000000,0.000000,1.500000,0.000000,0.000000,1.500000,0.000001,0.000001
7.971e+03,1.500000,0.000000,0.000000,1.500000,0.000000,0.000000,1.500000,0.000000,0.000000,1.500000,0.000000,0.000000,1.500000,0.000001,0.000001
8.251e+03,1.500000,0.000000,0.000000,1.500000,0.000000,0.000000,1.500000,0.000000,0.000000,1.500000,0.000000,0.000000,1.500000,0.000001,0.000001
8.542e+03,1.500000,0.000000,0.000000,1.500000,0.000000,0.000000,1.500000,0.000000,0.000000,1.500000,0.000000,0.000000,1.500000,0.000001,0.000001
8.843e+03,1.500000,0.000000,0.000000,1.500000,0.000000,0.000000,1.500000,0.000000,0.000000,1.500000,0.000000,0.000000,1.500000,0.000001,0.000001
9.154e+03,1.500000,0.000000,0.000000,1.500000,0.000000,0.000000,1.500000,0.000000,0.000000,1.500000,0.000000,0.000000,1.500000,0.000001,0.000001
9.476e+03,1.500000,0.000000,0.000000,1.500000,0.000000,0.000000,1.500000,0.000000,0.000000,1.500000,0.000000,0.000000,1.500000,0.000001,0.000001
9.810e+03,1.500000,0.000000,0.000000,1.500000,0.000000,0.000000,1.500000,0.000000,0.000000,1.500000,0.000000,0.000000,1.500000,0.000001,0.000001
1.015e+04,1.500000,0.000000,0.000000,1.500000,0.000000,0.000000,1.500000,0.000000,0.000000,1.500000,0.000000,0.000000,1.500000,0.000001,0.000001
1.051e+04,1.500000,0.000000,0.000000,1.500000,0.000000,0.000000,1.500000,0.000000,0.000000,1.500000,0.000000,0.000000,1.500000,0.000001,0.000001
1.088e+04,1.500000,0.000000,0.000000,1.500000,0.000000,0.000000,1.500000,0.000000,0.000000,1.500000,0.000000,0.000000,1.500000,0.000002,0.000001
1.127e+04,1.500000,0.000000,0.000000,1.500000,0.000000,0.000000,1.500000,0.000000,0.000000,1.500000,0.000000,0.000000,1.500000,0.000002,0.000001
1.166e+04,1.500000,0.000000,0.000000,1.500000,0.000000,0.000000,1.500000,0.000000,0.000000,1.500000,0.000001,0.000000,1.500000,0.000002,0.000001
1.207e+04,1.500000,0.000000,0.000000,1.500000,0.000000,0.000000,1.500000,0.000000,0.000000,1.500000,0.000001,0.000000,1.500000,0.000002,0.000001
1.250e+04,1.500000,0.000000,0.000000,1.500000,0.000000,0.000000,1.500000,0.000000,0.000000,1.500000,0.000001,0.000000,1.500000,0.000002,0.000001
1.294e+04,1.500000,0.000000,0.000000,1.500000,0.000000,0.000000,1.500000,0.000000,0.000000,1.500000,0.000001,0.000000,1.500000,0.000002,0.000001
1.339e+04,1.500000,0.000000,0.000000,1.500000,0.000000,0.000000,1.500000,0.000000,0.000000,1.500000,0.000001,0.000000,1.500000,0.000002,0.000001
1.386e+04,1.500000,0.000000,0.000000,1.500000,0.000000,0.000000,1.500000,0.000000,0.000000,1.500000,0.000001,0.000000,1.500000,0.000002,0.000001
1.435e+04,1.500000,0.000000,0.000000,1.500000,0.000000,0.000000,1.500000,0.000000,0.000000,1.500000,0.000001,0.000000,1.500000,0.000002,0.000001
1.486e+04,1.500000,0.000000,0.000000,1.500000,0.000000,0.000000,1.500000,0.000000,0.000000,1.500000,0.000001,0.000000,1.500000,0.000002,0.000001
1.538e+04,1.500000,0.000000,0.000000,1.500000,0.000000,0.000000,1.500000,0.000000,0.000000,1.500000,0.000001,0.000000,1.500000,0.000002,0.000001
1.592e+04,1.500000,0.000000,0.000000,1.500000,0.000000,0.000000,1.500000,0.000000,0.000000,1.500000,0.000001,0.000000,1.500000,0.000002,0.000001
1.648e+04,1.500000,0.000000,0.000000,1.500000,0.000000,0.000000,1.500000,0.000000,0.000000,1.500000,0.000001,0.000000,1.500000,0.000002,0.000002
1.706e+04,1.500000,0.000000,0.000000,1.500000,0.000000,0.000000,1.500000,0.000000,0.000000,1.500000,0.000001,0.000001,1.500000,0.000002,0.000002
1.766e+04,1.500000,0.000000,0.000000,1.500000,0.000000,0.000000,1.500000,0.000000,0.000000,1.500000,0.000001,0.000001,1.500000,0.000002,0.000002
1.829e+04,1.500000,0.000000,0.000000,1.500000,0.000000,0.000000,1.500000,0.000000,0.000000,1.500000,0.000001,0.000001,1.500000,0.000003,0.000002
1.893e+04,1.500000,0.000000,0.000000,1.500000,0.000000,0.000000,1.500000,0.000000,0.000000,1.500000,0.000001,0.000001,1.500000,0.000003,0.000002
1.960e+04,1.500000,0.000000,0.000000,1.500000,0.000000,0.000000,1.500000,0.000000,0.000000,1.500000,0.000001,0.000001,1.500000,0.000003,0.000002
2.029e+04,1.500000,0.000000,0.000000,1.500000,0.000000,0.000000,1.500000,0.000000,0.000000,1.500000,0.000001,0.000001,1.500000,0.000003,0.000002
2.100e+04,1.500000,0.000000,0.000000,1.500000,0.000000,0.000000,1.500000,0.000000,0.000000,1.500000,0.000001,0.000001,1.500000,0.000003,0.000002
2.174e+04,1.500000,0.000000,0.000000,1.500000,0.000000,0.000000,1.500000,0.000000,0.000000,1.500000,0.000001,0.000001,1.500000,0.000003,0.000002
2.250e+04,1.500000,0.000000,0.000000,1.500000,0.000000,0.000000,1.500000,0.000000,0.000000,1.500000,0.000001,0.000001,1.500000,0.000003,0.000002
2.330e+04,1.500000,0.000000,0.000000,1.500000,0.000000,0.000000,1.500000,0.000000,0.000000,1.500000,0.000001,0.000001,1.500000,0.000003,0.000002
2.412e+04,1.500000,0.000000,0.000000,1.500000,0.000000,0.000000,1.500000,0.000000,0.000000,1.500000,0.000001,0.000001,1.500000,0.000003,0.000002
2.496e+04,1.500000,0.000000,0.000000,1.500000,0.000000,0.000000,1.500000,0.000001,0.000000,1.500000,0.000001,0.000001,1.500000,0.000004,0.000002
2.584e+04,1.500000,0.000000,0.000000,1.500000,0.000000,0.000000,1.500000,0.000001,0.000000,1.500000,0.000001,0.000001,1.500000,0.000004,0.000002
2.675e+04,1.500000,0.000000,0.000000,1.500000,0.000000,0.000000,1.500000,0.000001,0.000000,1.500000,0.000001,0.000001,1.500000,0.000004,0.000003
2.770e+04,1.500000,0.000000,0.000000,1.500000,0.000000,0.000000,1.500000,0.000001,0.000000,1.500000,0.000001,0.000001,1.500000,0.000004,0.000003
2.867e+04,1.500000,0.000000,0.000000,1.500000,0.000000,0.000000,1.500000,0.000001,0.000000,1.500000,0.000001,0.000001,1.500000,0.000004,0.000003
2.968e+04,1.500000,0.000000,0.000000,1.500000,0.000000,0.000000,1.500000,0.000001,0.000000,1.500000,0.000001,0.000001,1.500000,0.000004,0.000003
3.072e+04,1.500000,0.000000,0.000000,1.500000,0.000000,0.000000,1.500000,0.000001,0.000000,1.500000,0.000001,0.000001,1.500000,0.000004,0.000003
3.181e+04,1.500000,0.000000,0.000000,1.500000,0.000000,0.000000,1.500000,0.000001,0.000000,1.500000,0.000001,0.000001,1.500000,0.000004,0.000003
3.293e+04,1.500000,0.000000,0.000000,1.500000,0.000000,0.000000,1.500000,0.000001,0.000000,1.500000,0.000001,0.000001,1.500000,0.000005,0.000003
3.408e+04,1.500000,0.000000,0.000000,1.500000,0.000000,0.000000,1.500000,0.000001,0.000000,1.500000,0.000002,0.000001,1.500000,0.000005,0.000003
3.528e+04,1.500000,0.000000,0.000000,1.500000,0.000000,0.000000,1.500000,0.000001,0.000000,1.500000,0.000002,0.000001,1.500000,0.000005,0.000003
3.653e+04,1.500000,0.000000,0.000000,1.500000,0.000000,0.000000,1.500000,0.000001,0.000000,1.500000,0.000002,0.000001,1.500000,0.000005,0.000003
3.781e+04,1.500000,0.000000,0.000000,1.500000,0.000000,0.000000,1.500000,0.000001,0.000001,1.500000,0.000002,0.000001,1.500000,0.000005,0.000004
3.914e+04,1.500000,0.000000,0.000000,1.500000,0.000000,0.000000,1.500000,0.000001,0.000001,1.500000,0.000002,0.000001,1.500000,0.000006,0.000004
4.052e+04,1.500000,0.000000,0.000000,1.500000,0.000000,0.000000,1.500000,0.000001,0.000001,1.500000,0.000002,0.000001,1.500000,0.000006,0.000004
4.195e+04,1.500000,0.000000,0.000000,1.500000,0.000000,0.000000,1.500000,0.000001,0.000001,1.500000,0.000002,0.000001,1.500000,0.000006,0.000004
4.342e+04,1.500000,0.000000,0.000000,1.500000,0.000000,0.000000,1.500000,0.000001,0.000001,1.500000,0.000002,0.000001,1.500000,0.000006,0.000004
4.495e+04,1.500000,0.000000,0.000000,1.500000,0.000000,0.000000,1.500000,0.000001,0.000001,1.500000,0.000002,0.000001,1.500000,0.000006,0.000004
4.653e+04,1.500000,0.000000,0.000000,1.500000,0.000000,0.000000,1.500000,0.000001,0.000001,1.500000,0.000002,0.000001,1.500000,0.000007,0.000004
4.817e+04,1.500000,0.000000,0.000000,1.500000,0.000000,0.000000,1.500000,0.000001,0.000001,1.500000,0.000002,0.000001,1.500000,0.000007,0.000005
4.987e+04,1.500000,0.000000,0.000000,1.500000,0.000000,0.000000,1.500000,0.000001,0.000001,1.500000,0.000002,0.000001,1.500000,0.000007,0.000005
5.162e+04,1.500000,0.000000,0.000000,1.500000,0.000001,0.000000,1.500000,0.000001,0.000001,1.500000,0.000002,0.000002,1.500000,0.000007,0.000005
5.344e+04,1.500000,0.000000,0.000000,1.500000,0.000001,0.000000,1.500000,0.000001,0.000001,1.500000,0.000002,0.000002,1.500000,0.000008,0.000005
5.532e+04,1.500000,0.000000,0.000000,1.500000,0.000001,0.000000,1.500000,0.000001,0.000001,1.500000,0.000002,0.000002,1.500000,0.000008,0.000005
5.727e+04,1.500000,0.000000,0.000000,1.500000,0.000001,0.000000,1.500000,0.000001,0.000001,1.500000,0.000003,0.000002,1.500000,0.000008,0.000005
5.929e+04,1.500000,0.000000,0.000000,1.500000,0.000001,0.000000,1.500000,0.000001,0.000001,1.500000,0.000003,0.000002,1.500000,0.000008,0.000006
6.137e+04,1.500000,0.000000,0.000000,1.500000,0.000001,0.000000,1.500000,0.000001,0.000001,1.500000,0.000003,0.000002,1.500000,0.000009,0.000006
6.353e+04,1.500000,0.000000,0.000000,1.500000,0.000001,0.000000,1.500000,0.000001,0.000001,1.500000,0.000003,0.000002,1.500000,0.000009,0.000006
6.577e+04,1.500000,0.000000,0.000000,1.500000,0.000001,0.000000,1.500000,0.000001,0.000001,1.500000,0.000003,0.000002,1.500000,0.000009,0.000006
6.809e+04,1.500000,0.000000,0.000000,1.500000,0.000001,0.000000,1.500000,0.000001,0.000001,1.500000,0.000003,0.000002,1.500000,0.000010,0.000006
7.048e+04,1.500000,0.000000,0.000000,1.500000,0.000001,0.000000,1.500000,0.000001,0.000001,1.500000,0.000003,0.000002,1.500000,0.000010,0.000007
7.296e+04,1.500000,0.000000,0.000000,1.500000,0.000001,0.000000,1.500000,0.000001,0.000001,1.500000,0.000003,0.000002,1.500000,0.000010,0.000007
7.553e+04,1.500000,0.000000,0.000000,1.500000,0.000001,0.000000,1.500000,0.000002,0.000001,1.500000,0.000003,0.000002,1.500000,0.000011,0.000007
7.819e+04,1.500000,0.000000,0.000000,1.500000,0.000001,0.000001,1.500000,0.000002,0.000001,1.500000,0.000003,0.000002,1.500000,0.000011,0.000007
8.094e+04,1.500000,0.000000,0.000000,1.500000,0.000001,0.000001,1.500000,0.000002,0.000001,1.500000,0.000004,0.000002,1.500000,0.000011,0.000008
8.379e+04,1.500000,0.000000,0.000000,1.500000,0.000001,0.000001,1.500000,0.000002,0.000001,1.500000,0.000004,0.000002,1.500000,0.000012,0.000008
8.674e+04,1.500000,0.000000,0.000000,1.500000,0.000001,0.000001,1.500000,0.000002,0.000001,1.500000,0.000004,0.000003,1.500000,0.000012,0.000008
8.980e+04,1.500000,0.000000,0.000000,1.500000,0.000001,0.000001,1.500000,0.000002,0.000001,1.500000,0.000004,0.000003,1.500000,0.000013,0.000008
9.296e+04,1.500000,0.000000,0.000000,1.500000,0.000001,0.000001,1.500000,0.000002,0.000001,1.500000,0.000004,0.000003,1.500000,0.000013,0.000009
9.623e+04,1.500000,0.000000,0.000000,1.500000,0.000001,0.000001,1.500000,0.000002,0.000001,1.500000,0.000004,0.000003,1.500000,0.000014,0.000009
9.962e+04,1.500000,0.000000,0.000000,1.500000,0.000001,0.000001,1.500000,0.000002,0.000001,1.500000,0.000004,0.000003,1.500000,0.000014,0.000009
1.031e+05,1.500000,0.000000,0.000000,1.500000,0.000001,0.000001,1.500000,0.000002,0.000001,1.500000,0.000005,0.000003,1.500000,0.000015,0.000010
1.068e+05,1.500000,0.000000,0.000000,1.500000,0.000001,0.000001,1.500000,0.000002,0.000001,1.500000,0.000005,0.000003,1.500000,0.000015,0.000010
1.105e+05,1.500000,0.000000,0.000000,1.500000,0.000001,0.000001,1.500000,0.000002,0.000001,1.500000,0.000005,0.000003,1.500000,0.000016,0.000010
1.144e+05,1.500000,0.000001,0.000000,1.500000,0.000001,0.000001,1.500000,0.000002,0.000002,1.500000,0.000005,0.000003,1.500000,0.000016,0.000011
1.184e+05,1.500000,0.000001,0.000000,1.500000,0.000001,0.000001,1.500000,0.000002,0.000002,1.500000,0.000005,0.000003,1.500000,0.000017,0.000011
1.226e+05,1.500000,0.000001,0.000000,1.500000,0.000001,0.000001,1.500000,0.000002,0.000002,1.500000,0.000005,0.000004,1.500000,0.000017,0.000012
1.269e+05,1.500000,0.000001,0.000000,1.500000,0.000001,0.000001,1.500000,0.000003,0.000002,1.500000,0.000006,0.000004,1.500000,0.000018,0.000012
1.314e+05,1.500000,0.000001,0.000000,1.500000,0.000001,0.000001,1.500000,0.000003,0.000002,1.500000,0.000006,0.000004,1.500000,0.000019,0.000012
1.360e+05,1.500000,0.000001,0.000000,1.500000,0.000001,0.000001,1.500000,0.000003,0.000002,1.500000,0.000006,0.000004,1.500000,0.000019,0.000013
1.408e+05,1.500000,0.000001,0.000000,1.500000,0.000001,0.000001,1.500000,0.000003,0.000002,1.500000,0.000006,0.000004,1.500000,0.000020,0.000013
1.457e+05,1.500000,0.000001,0.000000,1.500000,0.000001,0.000001,1.500000,0.000003,0.000002,1.500000,0.000006,0.000004,1.500000,0.000021,0.000014
1.509e+05,1.500000,0.000001,0.000000,1.500000,0.000001,0.000001,1.500000,0.000003,0.000002,1.500000,0.000007,0.000004,1.500000,0.000021,0.000014
1.562e+05,1.500000,0.000001,0.000000,1.500000,0.000002,0.000001,1.500000,0.000003,0.000002,1.500000,0.000007,0.000005,1.500000,0.000022,0.000015
1.617e+05,1.500000,0.000001,0.000000,1.500000,0.000002,0.000001,1.500000,0.000003,0.000002,1.500000,0.000007,0.000005,1.500000,0.000023,0.000015
1.674e+05,1.500000,0.000001,0.000000,1.500000,0.000002,0.000001,1.500000,0.000003,0.000002,1.500000,0.000007,0.000005,1.500000,0.000024,0.000016
1.733e+05,1.500000,0.000001,0.000001,1.500000,0.000002,0.000001,1.500000,0.000004,0.000002,1.500000,0.000008,0.000005,1.500000,0.000024,0.000016
1.794e+05,1.500000,0.000001,0.000001,1.500000,0.000002,0.000001,1.500000,0.000004,0.000002,1.500000,0.000008,0.000005,1.500000,0.000025,0.000017
1.857e+05,1.500000,0.000001,0.000001,1.500000,0.000002,0.000001,1.500000,0.000004,0.000003,1.500000,0.000008,0.000005,1.500000,0.000026,0.000017
1.922e+05,1.500000,0.000001,0.000001,1.500000,0.000002,0.000001,1.500000,0.000004,0.000003,1.500000,0.000008,0.000006,1.500000,0.000027,0.000018
1.990e+05,1.500000,0.000001,0.000001,1.500000,0.000002,0.000001,1.500000,0.000004,0.000003,1.500000,0.000009,0.000006,1.500000,0.000028,0.000019
2.060e+05,1.500000,0.000001,0.000001,1.500000,0.000002,0.000001,1.500000,0.000004,0.000003,1.500000,0.000009,0.000006,1.500000,0.000029,0.000019
2.132e+05,1.500000,0.000001,0.000001,1.500000,0.000002,0.000001,1.500000,0.000004,0.000003,1.500000,0.000009,0.000006,1.500000,0.000030,0.000020
2.208e+05,1.500000,0.000001,0.000001,1.500000,0.000002,0.000001,1.500000,0.000004,0.000003,1.500000,0.000010,0.000006,1.500000,0.000031,0.000021
2.285e+05,1.500000,0.000001,0.000001,1.500000,0.000002,0.000001,1.500000,0.000005,0.000003,1.500000,0.000010,0.000007,1.500000,0.000032,0.000022
2.366e+05,1.500000,0.000001,0.000001,1.500000,0.000002,0.000002,1.500000,0.000005,0.000003,1.500000,0.000010,0.000007,1.500000,0.000033,0.000022
2.449e+05,1.500000,0.000001,0.000001,1.500000,0.000002,0.000002,1.500000,0.000005,0.000003,1.500000,0.000011,0.000007,1.500000,0.000035,0.000023
2.535e+05,1.500000,0.000001,0.000001,1.500000,0.000002,0.000002,1.500000,0.000005,0.000003,1.500000,0.000011,0.000007,1.500000,0.000036,0.000024
2.624e+05,1.500000,0.000001,0.000001,1.500000,0.000003,0.000002,1.500000,0.000005,0.000004,1.500000,0.000012,0.000008,1.500000,0.000037,0.000025
2.717e+05,1.500000,0.000001,0.000001,1.500000,0.000003,0.000002,1.500000,0.000006,0.000004,1.500000,0.000012,0.000008,1.500000,0.000038,0.000026
2.812e+05,1.500000,0.000001,0.000001,1.500000,0.000003,0.000002,1.500000,0.000006,0.000004,1.500000,0.000012,0.000008,1.500000,0.000040,0.000026
2.911e+05,1.500000,0.000001,0.000001,1.500000,0.000003,0.000002,1.500000,0.000006,0.000004,1.500000,0.000013,0.000009,1.500000,0.000041,0.000027
3.014e+05,1.500000,0.000001,0.000001,1.500000,0.000003,0.000002,1.500000,0.000006,0.000004,1.500000,0.000013,0.000009,1.500000,0.000043,0.000028
3.120e+05,1.500000,0.000001,0.000001,1.500000,0.000003,0.000002,1.500000,0.000006,0.000004,1.500000,0.000014,0.000009,1.500000,0.000044,0.000029
3.230e+05,1.500000,0.000001,0.000001,1.500000,0.000003,0.000002,1.500000,0.000007,0.000004,1.500000,0.000014,0.000010,1.500000,0.000046,0.000030
3.344e+05,1.500000,0.000001,0.000001,1.500000,0.000003,0.000002,1.500000,0.000007,0.000005,1.500000,0.000015,0.000010,1.500000,0.000047,0.000031
3.461e+05,1.500000,0.000002,0.000001,1.500000,0.000003,0.000002,1.500000,0.000007,0.000005,1.500000,0.000015,0.000010,1.500000,0.000049,0.000033
3.583e+05,1.500000,0.000002,0.000001,1.500000,0.000003,0.000002,1.500000,0.000007,0.000005,1.500000,0.000016,0.000011,1.500000,0.000051,0.000034
3.709e+05,1.500000,0.000002,0.000001,1.500000,0.000004,0.000002,1.500000,0.000008,0.000005,1.500000,0.000016,0.000011,1.500000,0.000052,0.000035
3.840e+05,1.500000,0.000002,0.000001,1.500000,0.000004,0.000002,1.500000,0.000008,0.000005,1.500000,0.000017,0.000011,1.500000,0.000054,0.000036
3.975e+05,1.500000,0.000002,0.000001,1.500000,0.000004,0.000003,1.500000,0.000008,0.000005,1.500000,0.000018,0.000012,1.500000,0.000056,0.000037
4.115e+05,1.500000,0.000002,0.000001,1.500000,0.000004,0.000003,1.500000,0.000008,0.000006,1.500000,0.000018,0.000012,1.500000,0.000058,0.000039
4.260e+05,1.500000,0.000002,0.000001,1.500000,0.000004,0.000003,1.500000,0.000009,0.000006,1.500000,0.000019,0.000013,1.500000,0.000060,0.000040
4.410e+05,1.500000,0.000002,0.000001,1.500000,0.000004,0.000003,1.500000,0.000009,0.000006,1.500000,0.000019,0.000013,1.500000,0.000062,0.000042
4.565e+05,1.500000,0.000002,0.000001,1.500000,0.000004,0.000003,1.500000,0.000009,0.000006,1.500000,0.000020,0.000013,1.500000,0.000064,0.000043
4.726e+05,1.500000,0.000002,0.000001,1.500000,0.000005,0.000003,1.500000,0.000010,0.000006,1.500000,0.000021,0.000014,1.500000,0.000067,0.000044
4.892e+05,1.500000,0.000002,0.000001,1.500000,0.000005,0.000003,1.500000,0.000010,0.000007,1.500000,0.000022,0.000014,1.500000,0.000069,0.000046
5.064e+05,1.500000,0.000002,0.000001,1.500000,0.000005,0.000003,1.500000,0.000010,0.000007,1.500000,0.000022,0.000015,1.500000,0.000072,0.000048
5.242e+05,1.500000,0.000002,0.000002,1.500000,0.000005,0.000003,1.500000,0.000011,0.000007,1.500000,0.000023,0.000015,1.500000,0.000074,0.000049
5.427e+05,1.500000,0.000002,0.000002,1.500000,0.000005,0.000004,1.500000,0.000011,0.000007,1.500000,0.000024,0.000016,1.500000,0.000077,0.000051
5.618e+05,1.500000,0.000002,0.000002,1.500000,0.000005,0.000004,1.500000,0.000011,0.000008,1.500000,0.000025,0.000017,1.500000,0.000079,0.000053
5.816e+05,1.500000,0.000003,0.000002,1.500000,0.000006,0.000004,1.500000,0.000012,0.000008,1.500000,0.000026,0.000017,1.500000,0.000082,0.000055
6.021e+05,1.500000,0.000003,0.000002,1.500000,0.000006,0.000004,1.500000,0.000012,0.000008,1.500000,0.000027,0.000018,1.500000,0.000085,0.000057
6.232e+05,1.500000,0.000003,0.000002,1.500000,0.000006,0.000004,1.500000,0.000013,0.000008,1.500000,0.000027,0.000018,1.500000,0.000088,0.000059
6.452e+05,1.500000,0.000003,0.000002,1.500000,0.000006,0.000004,1.500000,0.000013,0.000009,1.500000,0.000028,0.000019,1.500000,0.000091,0.000061
6.679e+05,1.500000,0.000003,0.000002,1.500000,0.000006,0.000004,1.500000,0.000014,0.000009,1.500000,0.000029,0.000020,1.500000,0.000094,0.000063
6.914e+05,1.500000,0.000003,0.000002,1.500000,0.000007,0.000004,1.500000,0.000014,0.000009,1.500000,0.000031,0.000020,1.500000,0.000098,0.000065
7.157e+05,1.500000,0.000003,0.000002,1.500000,0.000007,0.000005,1.500000,0.000015,0.000010,1.500000,0.000032,0.000021,1.500000,0.000101,0.000067
7.409e+05,1.500000,0.000003,0.000002,1.500000,0.000007,0.000005,1.500000,0.000015,0.000010,1.500000,0.000033,0.000022,1.500000,0.000105,0.000070
7.670e+05,1.500000,0.000003,0.000002,1.500000,0.000007,0.000005,1.500000,0.000016,0.000010,1.500000,0.000034,0.000023,1.500000,0.000108,0.000072
7.940e+05,1.500000,0.000004,0.000002,1.500000,0.000008,0.000005,1.500000,0.000016,0.000011,1.500000,0.000035,0.000023,1.500000,0.000112,0.000075
8.220e+05,1.500000,0.000004,0.000002,1.500000,0.000008,0.000005,1.500000,0.000017,0.000011,1.500000,0.000036,0.000024,1.500000,0.000116,0.000077
8.509e+05,1.500000,0.000004,0.000003,1.500000,0.000008,0.000006,1.500000,0.000017,0.000012,1.500000,0.000038,0.000025,1.500000,0.000120,0.000080
8.809e+05,1.500000,0.000004,0.000003,1.500000,0.000009,0.000006,1.500000,0.000018,0.000012,1.500000,0.000039,0.000026,1.500000,0.000124,0.000083
9.119e+05,1.500000,0.000004,0.000003,1.500000,0.000009,0.000006,1.500000,0.000019,0.000012,1.500000,0.000040,0.000027,1.500000,0.000129,0.000086
9.440e+05,1.500000,0.000004,0.000003,1.500000,0.000009,0.000006,1.500000,0.000019,0.000013,1.500000,0.000042,0.000028,1.500000,0.000133,0.000089
9.772e+05,1.500000,0.000004,0.000003,1.500000,0.000009,0.000006,1.500000,0.000020,0.000013,1.500000,0.000043,0.000029,1.500000,0.000138,0.000092
1.012e+06,1.500000,0.000004,0.000003,1.500000,0.000010,0.000007,1.500000,0.000021,0.000014,1.500000,0.000045,0.000030,1.500000,0.000143,0.000095
1.047e+06,1.500000,0.000005,0.000003,1.500000,0.000010,0.000007,1.500000,0.000021,0.000014,1.500000,0.000046,0.000031,1.500000,0.000148,0.000099
1.084e+06,1.500000,0.000005,0.000003,1.500000,0.000011,0.000007,1.500000,0.000022,0.000015,1.500000,0.000048,0.000032,1.500000,0.000153,0.000102
1.122e+06,1.500000,0.000005,0.000003,1.500000,0.000011,0.000007,1.500000,0.000023,0.000015,1.500000,0.000050,0.000033,1.500000,0.000158,0.000106
1.162e+06,1.500000,0.000005,0.000003,1.500000,0.000011,0.000008,1.500000,0.000024,0.000016,1.500000,0.000051,0.000034,1.500000,0.000164,0.000109
1.203e+06,1.500000,0.000005,0.000004,1.500000,0.000012,0.000008,1.500000,0.000024,0.000016,1.500000,0.000053,0.000035,1.500000,0.000170,0.000113
1.245e+06,1.500000,0.000005,0.000004,1.500000,0.000012,0.000008,1.500000,0.000025,0.000017,1.500000,0.000055,0.000037,1.500000,0.000176,0.000117
1.289e+06,1.500000,0.000006,0.000004,1.500000,0.000013,0.000008,1.500000,0.000026,0.000017,1.500000,0.000057,0.000038,1.500000,0.000182,0.000121
1.334e+06,1.500000,0.000006,0.000004,1.500000,0.000013,0.000009,1.500000,0.000027,0.000018,1.500000,0.000059,0.000039,1.500000,0.000188,0.000126
1.381e+06,1.500000,0.000006,0.000004,1.500000,0.000013,0.000009,1.500000,0.000028,0.000019,1.500000,0.000061,0.000041,1.500000,0.000195,0.000130
1.430e+06,1.500000,0.000006,0.000004,1.500000,0.000014,0.000009,1.500000,0.000029,0.000019,1.500000,0.000063,0.000042,1.500000,0.000202,0.000135
1.480e+06,1.500000,0.000007,0.000004,1.500000,0.000014,0.000010,1.500000,0.000030,0.000020,1.500000,0.000065,0.000044,1.500000,0.000209,0.000139
1.532e+06,1.500000,0.000007,0.000005,1.500000,0.000015,0.000010,1.500000,0.000031,0.000021,1.500000,0.000068,0.000045,1.500000,0.000216,0.000144
1.586e+06,1.500000,0.000007,0.000005,1.500000,0.000015,0.000010,1.500000,0.000032,0.000021,1.500000,0.000070,0.000047,1.500000,0.000224,0.000149
1.642e+06,1.500000,0.000007,0.000005,1.500000,0.000016,0.000011,1.500000,0.000033,0.000022,1.500000,0.000072,0.000048,1.500000,0.000232,0.000155
1.700e+06,1.500000,0.000007,0.000005,1.500000,0.000016,0.000011,1.500000,0.000034,0.000023,1.500000,0.000075,0.000050,1.500000,0.000240,0.000160
1.760e+06,1.500000,0.000008,0.000005,1.500000,0.000017,0.000011,1.500000,0.000036,0.000024,1.500000,0.000078,0.000052,1.500001,0.000248,0.000166
1.822e+06,1.500000,0.000008,0.000005,1.500000,0.000018,0.000012,1.500000,0.000037,0.000025,1.500000,0.000080,0.000054,1.500001,0.000257,0.000171
1.886e+06,1.500000,0.000008,0.000006,1.500000,0.000018,0.000012,1.500000,0.000038,0.000026,1.500000,0.000083,0.000055,1.500001,0.000266,0.000177
1.952e+06,1.500000,0.000009,0.000006,1.500000,0.000019,0.000013,1.500000,0.000040,0.000026,1.500000,0.000086,0.000057,1.500001,0.000276,0.000184
2.021e+06,1.500000,0.000009,0.000006,1.500000,0.000020,0.000013,1.500000,0.000041,0.000027,1.500000,0.000089,0.000059,1.500001,0.000285,0.000190
2.092e+06,1.500000,0.000009,0.000006,1.500000,0.000020,0.000014,1.500000,0.000042,0.000028,1.500000,0.000092,0.000062,1.500001,0.000295,0.000197
2.166e+06,1.500000,0.000010,0.000006,1.500000,0.000021,0.000014,1.500000,0.000044,0.000029,1.500000,0.000096,0.000064,1.500001,0.000306,0.000204
2.242e+06,1.500000,0.000010,0.000007,1.500000,0.000022,0.000015,1.500000,0.000045,0.000030,1.500000,0.000099,0.000066,1.500001,0.000317,0.000211
2.321e+06,1.500000,0.000010,0.000007,1.500000,0.000023,0.000015,1.500000,0.000047,0.000031,1.500000,0.000102,0.000068,1.500001,0.000328,0.000218
2.402e+06,1.500000,0.000011,0.000007,1.500000,0.000023,0.000016,1.500000,0.000049,0.000033,1.500000,0.000106,0.000071,1.500001,0.000339,0.000226
2.487e+06,1.500000,0.000011,0.000007,1.500000,0.000024,0.000016,1.500000,0.000050,0.000034,1.500000,0.000110,0.000073,1.500001,0.000351,0.000234
2.574e+06,1.500000,0.000011,0.000008,1.500000,0.000025,0.000017,1.500000,0.000052,0.000035,1.500000,0.000114,0.000076,1.500001,0.000363,0.000242
2.665e+06,1.500000,0.000012,0.000008,1.500000,0.000026,0.000017,1.500000,0.000054,0.000036,1.500000,0.000118,0.000078,1.500001,0.000376,0.000251
2.759e+06,1.500000,0.000012,0.000008,1.500000,0.000027,0.000018,1.500000,0.000056,0.000037,1.500000,0.000122,0.000081,1.500001,0.000390,0.000260
2.856e+06,1.500000,0.000013,0.000008,1.500000,0.000028,0.000018,1.500000,0.000058,0.000039,1.500000,0.000126,0.000084,1.500001,0.000403,0.000269
2.957e+06,1.500000,0.000013,0.000009,1.500000,0.000029,0.000019,1.500000,0.000060,0.000040,1.500000,0.000130,0.000087,1.500001,0.000417,0.000278
3.061e+06,1.500000,0.000014,0.000009,1.500000,0.000030,0.000020,1.500000,0.000062,0.000041,1.500000,0.000135,0.000090,1.500002,0.000432,0.000288
3.168e+06,1.500000,0.000014,0.000009,1.500000,0.000031,0.000021,1.500000,0.000064,0.000043,1.500000,0.000140,0.000093,1.500002,0.000447,0.000298
3.280e+06,1.500000,0.000014,0.000010,1.500000,0.000032,0.000021,1.500000,0.000067,0.000044,1.500000,0.000145,0.000096,1.500002,0.000463,0.000309
3.395e+06,1.500000,0.000015,0.000010,1.500000,0.000033,0.000022,1.500000,0.000069,0.000046,1.500000,0.000150,0.000100,1.500002,0.000479,0.000320
3.515e+06,1.500000,0.000016,0.000010,1.500000,0.000034,0.000023,1.500000,0.000071,0.000048,1.500000,0.000155,0.000103,1.500002,0.000496,0.000331
3.639e+06,1.500000,0.000016,0.000011,1.500000,0.000035,0.000024,1.500000,0.000074,0.000049,1.500000,0.000161,0.000107,1.500002,0.000514,0.000342
3.767e+06,1.500000,0.000017,0.000011,1.500000,0.000037,0.000024,1.500000,0.000076,0.000051,1.500000,0.000166,0.000111,1.500002,0.000532,0.000355
3.899e+06,1.500000,0.000017,0.000011,1.500000,0.000038,0.000025,1.500000,0.000079,0.000053,1.500000,0.000172,0.000115,1.500003,0.000551,0.000367
4.037e+06,1.500000,0.000018,0.000012,1.500000,0.000039,0.000026,1.500000,0.000082,0.000055,1.500000,0.000178,0.000119,1.500003,0.000570,0.000380
4.179e+06,1.500000,0.000018,0.000012,1.500000,0.000041,0.000027,1.500000,0.000085,0.000057,1.500000,0.000184,0.000123,1.500003,0.000590,0.000393
4.326e+06,1.500000,0.000019,0.000013,1.500000,0.000042,0.000028,1.500000,0.000088,0.000059,1.500000,0.000191,0.000127,1.500003,0.000611,0.000407
4.478e+06,1.500000,0.000020,0.000013,1.500000,0.000043,0.000029,1.500000,0.000091,0.000061,1.500000,0.000198,0.000132,1.500003,0.000632,0.000421
4.636e+06,1.500000,0.000020,0.000014,1.500000,0.000045,0.000030,1.500000,0.000094,0.000063,1.500000,0.000205,0.000136,1.500004,0.000654,0.000436
4.799e+06,1.500000,0.000021,0.000014,1.500000,0.000047,0.000031,1.500000,0.000097,0.000065,1.500000,0.000212,0.000141,1.500004,0.000678,0.000452
4.968e+06,1.500000,0.000022,0.000015,1.500000,0.000048,0.000032,1.500000,0.000101,0.000067,1.500000,0.000219,0.000146,1.500004,0.000701,0.000468
5.143e+06,1.500000,0.000023,0.000015,1.500000,0.000050,0.000033,1.500000,0.000104,0.000070,1.500000,0.000227,0.000151,1.500004,0.000726,0.000484
5.324e+06,1.500000,0.000023,0.000016,1.500000,0.000052,0.000034,1.500000,0.000108,0.000072,1.500000,0.000235,0.000157,1.500005,0.000752,0.000501
5.511e+06,1.500000,0.000024,0.000016,1.500000,0.000053,0.000036,1.500000,0.000112,0.000075,1.500000,0.000243,0.000162,1.500005,0.000778,0.000519
5.705e+06,1.500000,0.000025,0.000017,1.500000,0.000055,0.000037,1.500000,0.000116,0.000077,1.500001,0.000252,0.000168,1.500005,0.000805,0.000537
5.906e+06,1.500000,0.000026,0.000017,1.500000,0.000057,0.000038,1.500000,0.000120,0.000080,1.500001,0.000261,0.000174,1.500006,0.000834,0.000556
6.114e+06,1.500000,0.000027,0.000018,1.500000,0.000059,0.000040,1.500000,0.000124,0.000083,1.500001,0.000270,0.000180,1.500006,0.000863,0.000575
6.329e+06,1.500000,0.000028,0.000019,1.500000,0.000061,0.000041,1.500000,0.000128,0.000086,1.500001,0.000279,0.000186,1.500007,0.000894,0.000596
6.552e+06,1.500000,0.000029,0.000019,1.500000,0.000064,0.000042,1.500000,0.000133,0.000089,1.500001,0.000289,0.000193,1.500007,0.000925,0.000617
6.782e+06,1.500000,0.000030,0.000020,1.500000,0.000066,0.000044,1.500000,0.000138,0.000092,1.500001,0.000299,0.000200,1.500008,0.000958,0.000638
7.021e+06,1.500000,0.000031,0.000021,1.500000,0.000068,0.000045,1.500000,0.000143,0.000095,1.500001,0.000310,0.000207,1.500008,0.000991,0.000661
7.268e+06,1.500000,0.000032,0.000021,1.500000,0.000071,0.000047,1.500000,0.000148,0.000098,1.500001,0.000321,0.000214,1.500009,0.001026,0.000684
7.524e+06,1.500000,0.000033,0.000022,1.500000,0.000073,0.000049,1.500000,0.000153,0.000102,1.500001,0.000332,0.000221,1.500009,0.001062,0.000708
7.789e+06,1.500000,0.000034,0.000023,1.500000,0.000076,0.000050,1.500000,0.000158,0.000105,1.500001,0.000344,0.000229,1.500010,0.001100,0.000733
8.063e+06,1.500000,0.000036,0.000024,1.500000,0.000078,0.000052,1.500000,0.000164,0.000109,1.500001,0.000356,0.000237,1.500011,0.001138,0.000759
8.347e+06,1.500000,0.000037,0.000025,1.500000,0.000081,0.000054,1.500000,0.000169,0.000113,1.500001,0.000368,0.000246,1.500012,0.001178,0.000786
8.641e+06,1.500000,0.000038,0.000025,1.500000,0.000084,0.000056,1.500000,0.000175,0.000117,1.500001,0.000381,0.000254,1.500012,0.001220,0.000813
8.945e+06,1.500000,0.000039,0.000026,1.500000,0.000087,0.000058,1.500000,0.000182,0.000121,1.500001,0.000395,0.000263,1.500013,0.001263,0.000842
9.260e+06,1.500000,0.000041,0.000027,1.500000,0.000090,0.000060,1.500000,0.000188,0.000125,1.500001,0.000409,0.000272,1.500014,0.001307,0.000872
9.586e+06,1.500000,0.000042,0.000028,1.500000,0.000093,0.000062,1.500000,0.000195,0.000130,1.500001,0.000423,0.000282,1.500015,0.001353,0.000902
9.923e+06,1.500000,0.000044,0.000029,1.500000,0.000096,0.000064,1.500000,0.000201,0.000134,1.500002,0.000438,0.000292,1.500016,0.001401,0.000934
1.027e+07,1.500000,0.000045,0.000030,1.500000,0.000100,0.000066,1.500000,0.000208,0.000139,1.500002,0.000453,0.000302,1.500018,0.001450,0.000967
1.063e+07,1.500000,0.000047,0.000031,1.500000,0.000103,0.000069,1.500000,0.000216,0.000144,1.500002,0.000469,0.000313,1.500019,0.001501,0.001001
1.101e+07,1.500000,0.000049,0.000032,1.500000,0.000107,0.000071,1.500000,0.000223,0.000149,1.500002,0.000486,0.000324,1.500020,0.001554,0.001036
1.140e+07,1.500000,0.000050,0.000034,1.500000,0.000111,0.000074,1.500000,0.000231,0.000154,1.500002,0.000503,0.000335,1.500022,0.001609,0.001072
1.180e+07,1.500000,0.000052,0.000035,1.500000,0.000115,0.000076,1.500000,0.000239,0.000160,1.500002,0.000521,0.000347,1.500023,0.001665,0.001110
1.221e+07,1.500000,0.000054,0.000036,1.500000,0.000119,0.000079,1.500001,0.000248,0.000165,1.500002,0.000539,0.000359,1.500025,0.001724,0.001149
1.264e+07,1.500000,0.000056,0.000037,1.500000,0.000123,0.000082,1.500001,0.000257,0.000171,1.500003,0.000558,0.000372,1.500027,0.001785,0.001190
1.309e+07,1.500000,0.000058,0.000038,1.500000,0.000127,0.000085,1.500001,0.000266,0.000177,1.500003,0.000577,0.000385,1.500028,0.001847,0.001232
1.355e+07,1.500000,0.000060,0.000040,1.500000,0.000132,0.000088,1.500001,0.000275,0.000183,1.500003,0.000598,0.000399,1.500030,0.001912,0.001275
1.403e+07,1.500000,0.000062,0.000041,1.500000,0.000136,0.000091,1.500001,0.000285,0.000190,1.500003,0.000619,0.000413,1.500033,0.001980,0.001320
1.452e+07,1.500000,0.000064,0.000043,1.500000,0.000141,0.000094,1.500001,0.000295,0.000196,1.500003,0.000641,0.000427,1.500035,0.002049,0.001366
1.503e+07,1.500000,0.000066,0.000044,1.500000,0.000146,0.000097,1.500001,0.000305,0.000203,1.500004,0.000663,0.000442,1.500038,0.002121,0.001414
1.556e+07,1.500000,0.000069,0.000046,1.500000,0.000151,0.000101,1.500001,0.000316,0.000211,1.500004,0.000686,0.000458,1.500040,0.002196,0.001464
1.611e+07,1.500000,0.000071,0.000047,1.500000,0.000156,0.000104,1.500001,0.000327,0.000218,1.500004,0.000711,0.000474,1.500043,0.002273,0.001516
1.667e+07,1.500000,0.000074,0.000049,1.500000,0.000162,0.000108,1.500001,0.000338,0.000226,1.500005,0.000736,0.000490,1.500046,0.002353,0.001569
1.726e+07,1.500000,0.000076,0.000051,1.500000,0.000168,0.000112,1.500001,0.000350,0.000234,1.500005,0.000762,0.000508,1.500049,0.002436,0.001624
1.787e+07,1.500000,0.000079,0.000053,1.500000,0.000173,0.000116,1.500001,0.000363,0.000242,1.500005,0.000788,0.000526,1.500053,0.002522,0.001681
1.850e+07,1.500000,0.000082,0.000054,1.500000,0.000180,0.000120,1.500001,0.000375,0.000250,1.500006,0.000816,0.000544,1.500057,0.002610,0.001740
1.915e+07,1.500000,0.000084,0.000056,1.500000,0.000186,0.000124,1.500001,0.000389,0.000259,1.500006,0.000845,0.000563,1.500061,0.002702,0.001801
1.982e+07,1.500000,0.000087,0.000058,1.500000,0.000192,0.000128,1.500001,0.000402,0.000268,1.500006,0.000875,0.000583,1.500065,0.002797,0.001865
2.052e+07,1.500000,0.000091,0.000060,1.500000,0.000199,0.000133,1.500001,0.000416,0.000278,1.500007,0.000905,0.000604,1.500070,0.002896,0.001930
2.124e+07,1.500000,0.000094,0.000062,1.500000,0.000206,0.000137,1.500002,0.000431,0.000287,1.500007,0.000937,0.000625,1.500075,0.002997,0.001998
2.199e+07,1.500000,0.000097,0.000065,1.500000,0.000213,0.000142,1.500002,0.000446,0.000298,1.500008,0.000970,0.000647,1.500080,0.003103,0.002068
2.276e+07,1.500000,0.000100,0.000067,1.500000,0.000221,0.000147,1.500002,0.000462,0.000308,1.500008,0.001004,0.000670,1.500086,0.003212,0.002141
2.357e+07,1.500000,0.000104,0.000069,1.500000,0.000229,0.000153,1.500002,0.000478,0.000319,1.500009,0.001040,0.000693,1.500092,0.003325,0.002216
2.440e+07,1.500000,0.000108,0.000072,1.500000,0.000237,0.000158,1.500002,0.000495,0.000330,1.500010,0.001076,0.000718,1.500099,0.003442,0.002294
2.525e+07,1.500000,0.000111,0.000074,1.500001,0.000245,0.000163,1.500002,0.000513,0.000342,1.500010,0.001114,0.000743,1.500106,0.003563,0.002375
2.614e+07,1.500000,0.000115,0.000077,1.500001,0.000254,0.000169,1.500002,0.000531,0.000354,1.500011,0.001153,0.000769,1.500113,0.003688,0.002458
2.706e+07,1.500000,0.000119,0.000080,1.500001,0.000263,0.000175,1.500003,0.000549,0.000366,1.500012,0.001194,0.000796,1.500122,0.003817,0.002545
2.802e+07,1.500000,0.000124,0.000082,1.500001,0.000272,0.000181,1.500003,0.000569,0.000379,1.500013,0.001236,0.000824,1.500130,0.003951,0.002634
2.900e+07,1.500000,0.000128,0.000085,1.500001,0.000282,0.000188,1.500003,0.000589,0.000392,1.500014,0.001280,0.000853,1.500140,0.004090,0.002726
3.002e+07,1.500000,0.000132,0.000088,1.500001,0.000291,0.000194,1.500003,0.000609,0.000406,1.500015,0.001325,0.000883,1.500150,0.004234,0.002822
3.108e+07,1.500000,0.000137,0.000091,1.500001,0.000302,0.000201,1.500003,0.000631,0.000421,1.500016,0.001371,0.000914,1.500160,0.004382,0.002921
3.217e+07,1.500000,0.000142,0.000095,1.500001,0.000312,0.000208,1.500004,0.000653,0.000435,1.500017,0.001419,0.000946,1.500172,0.004536,0.003024
3.331e+07,1.500000,0.000147,0.000098,1.500001,0.000323,0.000216,1.500004,0.000676,0.000451,1.500018,0.001469,0.000980,1.500184,0.004695,0.003130
3.448e+07,1.500000,0.000152,0.000101,1.500001,0.000335,0.000223,1.500004,0.000700,0.000467,1.500019,0.001521,0.001014,1.500197,0.004860,0.003240
3.569e+07,1.500000,0.000157,0.000105,1.500001,0.000346,0.000231,1.500004,0.000724,0.000483,1.500021,0.001575,0.001050,1.500211,0.005031,0.003353
3.695e+07,1.500000,0.000163,0.000109,1.500001,0.000359,0.000239,1.500005,0.000750,0.000500,1.500022,0.001630,0.001087,1.500226,0.005207,0.003471
3.825e+07,1.500000,0.000169,0.000113,1.500001,0.000371,0.000248,1.500005,0.000776,0.000518,1.500024,0.001687,0.001125,1.500243,0.005390,0.003593
3.960e+07,1.500000,0.000175,0.000116,1.500001,0.000384,0.000256,1.500005,0.000804,0.000536,1.500025,0.001747,0.001164,1.500260,0.005579,0.003718
4.099e+07,1.500000,0.000181,0.000121,1.500001,0.000398,0.000265,1.500006,0.000832,0.000555,1.500027,0.001808,0.001205,1.500278,0.005774,0.003849
4.243e+07,1.500000,0.000187,0.000125,1.500001,0.000412,0.000275,1.500006,0.000861,0.000574,1.500029,0.001872,0.001248,1.500298,0.005976,0.003983
4.393e+07,1.500000,0.000194,0.000129,1.500002,0.000426,0.000284,1.500007,0.000892,0.000594,1.500031,0.001938,0.001292,1.500320,0.006186,0.004123
4.547e+07,1.500000,0.000201,0.000134,1.500002,0.000441,0.000294,1.500007,0.000923,0.000615,1.500034,0.002006,0.001337,1.500343,0.006402,0.004267
4.707e+07,1.500000,0.000208,0.000138,1.500002,0.000457,0.000305,1.500008,0.000955,0.000637,1.500036,0.002076,0.001384,1.500367,0.006626,0.004416
4.873e+07,1.500000,0.000215,0.000143,1.500002,0.000473,0.000315,1.500008,0.000989,0.000659,1.500039,0.002149,0.001433,1.500393,0.006858,0.004571
5.045e+07,1.500000,0.000223,0.000148,1.500002,0.000490,0.000326,1.500009,0.001024,0.000683,1.500041,0.002225,0.001483,1.500421,0.007098,0.004730
5.222e+07,1.500000,0.000230,0.000154,1.500002,0.000507,0.000338,1.500009,0.001060,0.000707,1.500044,0.002303,0.001536,1.500451,0.007346,0.004896
5.406e+07,1.500000,0.000239,0.000159,1.500002,0.000525,0.000350,1.500010,0.001097,0.000731,1.500047,0.002384,0.001590,1.500484,0.007602,0.005066
5.596e+07,1.500001,0.000247,0.000165,1.500002,0.000543,0.000362,1.500011,0.001136,0.000757,1.500051,0.002468,0.001645,1.500518,0.007868,0.005243
5.793e+07,1.500001,0.000256,0.000170,1.500003,0.000562,0.000375,1.500012,0.001176,0.000784,1.500054,0.002555,0.001703,1.500555,0.008142,0.005426
5.997e+07,1.500001,0.000265,0.000176,1.500003,0.000582,0.000388,1.500012,0.001217,0.000811,1.500058,0.002645,0.001763,1.500595,0.008426,0.005615
6.209e+07,1.500001,0.000274,0.000183,1.500003,0.000603,0.000402,1.500013,0.001260,0.000840,1.500062,0.002738,0.001825,1.500637,0.008719,0.005810
6.427e+07,1.500001,0.000284,0.000189,1.500003,0.000624,0.000416,1.500014,0.001304,0.000870,1.500067,0.002834,0.001889,1.500682,0.009023,0.006012
6.653e+07,1.500001,0.000294,0.000196,1.500003,0.000646,0.000431,1.500015,0.001350,0.000900,1.500072,0.002934,0.001956,1.500731,0.009337,0.006221
6.888e+07,1.500001,0.000304,0.000203,1.500004,0.000669,0.000446,1.500016,0.001398,0.000932,1.500077,0.003037,0.002025,1.500783,0.009661,0.006437
7.130e+07,1.500001,0.000315,0.000210,1.500004,0.000692,0.000461,1.500017,0.001447,0.000965,1.500082,0.003144,0.002096,1.500839,0.009996,0.006661
7.381e+07,1.500001,0.000326,0.000217,1.500004,0.000716,0.000478,1.500019,0.001498,0.000999,1.500088,0.003254,0.002169,1.500898,0.010343,0.006891
7.641e+07,1.500001,0.000337,0.000225,1.500005,0.000742,0.000494,1.500020,0.001551,0.001034,1.500095,0.003369,0.002246,1.500962,0.010702,0.007130
7.910e+07,1.500001,0.000349,0.000233,1.500005,0.000768,0.000512,1.500021,0.001605,0.001070,1.500101,0.003487,0.002325,1.501030,0.011072,0.007376
8.188e+07,1.500001,0.000361,0.000241,1.500005,0.000795,0.000530,1.500023,0.001662,0.001108,1.500109,0.003610,0.002406,1.501104,0.011455,0.007631
8.476e+07,1.500001,0.000374,0.000249,1.500006,0.000823,0.000549,1.500025,0.001720,0.001147,1.500116,0.003736,0.002491,1.501182,0.011850,0.007894
8.775e+07,1.500001,0.000387,0.000258,1.500006,0.000852,0.000568,1.500026,0.001781,0.001187,1.500125,0.003868,0.002578,1.501266,0.012259,0.008165
9.084e+07,1.500001,0.000401,0.000267,1.500006,0.000882,0.000588,1.500028,0.001843,0.001229,1.500134,0.004003,0.002669,1.501355,0.012680,0.008446
9.403e+07,1.500001,0.000415,0.000277,1.500007,0.000913,0.000608,1.500030,0.001908,0.001272,1.500143,0.004144,0.002762,1.501451,0.013116,0.008736
9.735e+07,1.500002,0.000429,0.000286,1.500007,0.000945,0.000630,1.500033,0.001975,0.001317,1.500154,0.004290,0.002859,1.501554,0.013566,0.009035
1.008e+08,1.500002,0.000445,0.000296,1.500008,0.000978,0.000652,1.500035,0.002045,0.001363,1.500165,0.004440,0.002960,1.501664,0.014031,0.009343
1.043e+08,1.500002,0.000460,0.000307,1.500009,0.001013,0.000675,1.500037,0.002117,0.001411,1.500176,0.004596,0.003064,1.501781,0.014510,0.009662
1.080e+08,1.500002,0.000476,0.000318,1.500009,0.001048,0.000699,1.500040,0.002191,0.001461,1.500189,0.004757,0.003171,1.501907,0.015005,0.009991
1.118e+08,1.500002,0.000493,0.000329,1.500010,0.001085,0.000723,1.500043,0.002268,0.001512,1.500202,0.004924,0.003282,1.502041,0.015516,0.010330
1.157e+08,1.500002,0.000511,0.000340,1.500011,0.001123,0.000749,1.500046,0.002348,0.001565,1.500217,0.005097,0.003397,1.502184,0.016042,0.010679
1.198e+08,1.500002,0.000529,0.000352,1.500011,0.001163,0.000775,1.500049,0.002431,0.001620,1.500232,0.005276,0.003517,1.502338,0.016585,0.011040
1.240e+08,1.500002,0.000547,0.000365,1.500012,0.001204,0.000802,1.500053,0.002516,0.001677,1.500249,0.005461,0.003640,1.502502,0.017145,0.011411
1.284e+08,1.500003,0.000566,0.000378,1.500013,0.001246,0.000831,1.500057,0.002604,0.001736,1.500267,0.005652,0.003767,1.502677,0.017722,0.011794
1.329e+08,1.500003,0.000586,0.000391,1.500014,0.001290,0.000860,1.500061,0.002696,0.001797,1.500286,0.005850,0.003899,1.502864,0.018317,0.012188
1.376e+08,1.500003,0.000607,0.000405,1.500015,0.001335,0.000890,1.500065,0.002791,0.001861,1.500306,0.006055,0.004036,1.503064,0.018929,0.012594
1.424e+08,1.500003,0.000628,0.000419,1.500016,0.001382,0.000922,1.500070,0.002889,0.001926,1.500328,0.006267,0.004177,1.503278,0.019560,0.013011
1.474e+08,1.500004,0.000651,0.000434,1.500017,0.001431,0.000954,1.500075,0.002991,0.001994,1.500352,0.006486,0.004323,1.503506,0.020209,0.013441
1.526e+08,1.500004,0.000673,0.000449,1.500018,0.001481,0.000988,1.500080,0.003096,0.002064,1.500377,0.006713,0.004474,1.503749,0.020877,0.013883
1.580e+08,1.500004,0.000697,0.000465,1.500020,0.001533,0.001022,1.500086,0.003205,0.002136,1.500404,0.006948,0.004631,1.504009,0.021563,0.014337
1.636e+08,1.500004,0.000722,0.000481,1.500021,0.001587,0.001058,1.500092,0.003317,0.002211,1.500432,0.007191,0.004792,1.504286,0.022269,0.014804
1.693e+08,1.500005,0.000747,0.000498,1.500023,0.001643,0.001095,1.500098,0.003434,0.002289,1.500463,0.007442,0.004960,1.504581,0.022994,0.015283
1.753e+08,1.500005,0.000773,0.000516,1.500024,0.001701,0.001134,1.500105,0.003554,0.002369,1.500496,0.007702,0.005133,1.504896,0.023739,0.015774
1.815e+08,1.500005,0.000801,0.000534,1.500026,0.001761,0.001174,1.500113,0.003679,0.002453,1.500532,0.007971,0.005312,1.505231,0.024503,0.016278
1.878e+08,1.500006,0.000829,0.000552,1.500028,0.001823,0.001215,1.500121,0.003809,0.002539,1.500570,0.008249,0.005497,1.505588,0.025286,0.016795
1.945e+08,1.500006,0.000858,0.000572,1.500030,0.001887,0.001258,1.500130,0.003942,0.002628,1.500610,0.008536,0.005688,1.505969,0.026089,0.017324
2.013e+08,1.500007,0.000888,0.000592,1.500032,0.001953,0.001302,1.500139,0.004081,0.002720,1.500654,0.008833,0.005886,1.506374,0.026912,0.017865
2.084e+08,1.500007,0.000919,0.000613,1.500034,0.002022,0.001348,1.500149,0.004224,0.002816,1.500700,0.009141,0.006091,1.506805,0.027753,0.018419
2.157e+08,1.500008,0.000952,0.000634,1.500037,0.002093,0.001396,1.500160,0.004372,0.002915,1.500750,0.009458,0.006302,1.507263,0.028614,0.018984
2.233e+08,1.500008,0.000985,0.000657,1.500039,0.002167,0.001445,1.500171,0.004526,0.003017,1.500804,0.009787,0.006521,1.507749,0.029494,0.019561
2.312e+08,1.500009,0.001020,0.000680,1.500042,0.002243,0.001495,1.500183,0.004685,0.003123,1.500861,0.010127,0.006747,1.508266,0.030391,0.020150
2.393e+08,1.500009,0.001056,0.000704,1.500045,0.002322,0.001548,1.500196,0.004849,0.003232,1.500922,0.010478,0.006981,1.508815,0.031306,0.020749
2.477e+08,1.500010,0.001093,0.000729,1.500048,0.002404,0.001602,1.500210,0.005019,0.003346,1.500987,0.010841,0.007222,1.509397,0.032239,0.021359
2.565e+08,1.500011,0.001131,0.000754,1.500052,0.002488,0.001659,1.500225,0.005195,0.003463,1.501058,0.011216,0.007472,1.510014,0.033188,0.021978
2.655e+08,1.500011,0.001171,0.000781,1.500055,0.002576,0.001717,1.500241,0.005377,0.003584,1.501133,0.011603,0.007730,1.510668,0.034152,0.022607
2.748e+08,1.500012,0.001212,0.000808,1.500059,0.002666,0.001778,1.500259,0.005566,0.003710,1.501213,0.012003,0.007996,1.511360,0.035130,0.023244
2.845e+08,1.500013,0.001255,0.000837,1.500064,0.002760,0.001840,1.500277,0.005761,0.003840,1.501299,0.012417,0.008271,1.512092,0.036122,0.023889
2.945e+08,1.500014,0.001299,0.000866,1.500068,0.002857,0.001905,1.500297,0.005963,0.003974,1.501391,0.012844,0.008555,1.512865,0.037125,0.024540
3.049e+08,1.500015,0.001345,0.000897,1.500073,0.002958,0.001972,1.500318,0.006172,0.004114,1.501489,0.013285,0.008848,1.513682,0.038139,0.025196
3.156e+08,1.500016,0.001392,0.000928,1.500078,0.003062,0.002041,1.500341,0.006388,0.004257,1.501595,0.013741,0.009151,1.514543,0.039162,0.025857
3.267e+08,1.500017,0.001441,0.000961,1.500084,0.003169,0.002113,1.500365,0.006611,0.004406,1.501707,0.014211,0.009463,1.515451,0.040192,0.026521
3.382e+08,1.500019,0.001492,0.000995,1.500090,0.003281,0.002187,1.500391,0.006842,0.004560,1.501828,0.014696,0.009786,1.516406,0.041226,0.027187
3.501e+08,1.500020,0.001545,0.001030,1.500096,0.003396,0.002264,1.500419,0.007082,0.004720,1.501956,0.015197,0.010118,1.517411,0.042263,0.027852
3.625e+08,1.500021,0.001599,0.001066,1.500103,0.003515,0.002343,1.500449,0.007329,0.004885,1.502094,0.015714,0.010461,1.518467,0.043301,0.028516
3.752e+08,1.500023,0.001655,0.001103,1.500110,0.003639,0.002426,1.500481,0.007585,0.005055,1.502241,0.016246,0.010815,1.519574,0.044336,0.029177
3.884e+08,1.500024,0.001713,0.001142,1.500118,0.003767,0.002511,1.500516,0.007850,0.005231,1.502399,0.016796,0.011179,1.520734,0.045367,0.029832
4.021e+08,1.500026,0.001774,0.001182,1.500127,0.003899,0.002599,1.500552,0.008124,0.005414,1.502567,0.017362,0.011555,1.521948,0.046390,0.030481
4.163e+08,1.500028,0.001836,0.001224,1.500136,0.004036,0.002690,1.500592,0.008407,0.005602,1.502747,0.017946,0.011942,1.523216,0.047402,0.031119
4.309e+08,1.500030,0.001901,0.001267,1.500146,0.004178,0.002785,1.500634,0.008700,0.005797,1.502939,0.018547,0.012341,1.524539,0.048399,0.031747
4.461e+08,1.500032,0.001968,0.001312,1.500156,0.004324,0.002883,1.500679,0.009002,0.005999,1.503144,0.019166,0.012751,1.525917,0.049380,0.032361
4.618e+08,1.500035,0.002037,0.001358,1.500167,0.004476,0.002984,1.500728,0.009316,0.006207,1.503363,0.019804,0.013173,1.527351,0.050339,0.032958
4.780e+08,1.500037,0.002109,0.001406,1.500179,0.004633,0.003089,1.500779,0.009639,0.006423,1.503596,0.020460,0.013607,1.528839,0.051274,0.033538
4.949e+08,1.500040,0.002183,0.001455,1.500192,0.004796,0.003197,1.500835,0.009974,0.006646,1.503846,0.021135,0.014054,1.530382,0.052180,0.034096
5.123e+08,1.500043,0.002260,0.001506,1.500206,0.004964,0.003309,1.500894,0.010320,0.006876,1.504112,0.021829,0.014513,1.531979,0.053055,0.034632
5.303e+08,1.500046,0.002339,0.001559,1.500220,0.005138,0.003425,1.500958,0.010678,0.007114,1.504395,0.022542,0.014984,1.533628,0.053894,0.035141
5.490e+08,1.500049,0.002421,0.001614,1.500236,0.005318,0.003545,1.501026,0.011047,0.007360,1.504698,0.023274,0.015468,1.535328,0.054693,0.035623
5.683e+08,1.500052,0.002506,0.001671,1.500253,0.005505,0.003669,1.501099,0.011429,0.007614,1.505021,0.024026,0.015964,1.537077,0.055448,0.036074
5.883e+08,1.500056,0.002595,0.001730,1.500271,0.005698,0.003798,1.501177,0.011824,0.007876,1.505364,0.024798,0.016473,1.538873,0.056157,0.036492
6.090e+08,1.500060,0.002686,0.001790,1.500291,0.005897,0.003931,1.501260,0.012231,0.008147,1.505730,0.025589,0.016994,1.540713,0.056816,0.036876
6.305e+08,1.500064,0.002780,0.001853,1.500311,0.006104,0.004068,1.501349,0.012652,0.008427,1.506120,0.026399,0.017528,1.542594,0.057420,0.037223
6.527e+08,1.500069,0.002878,0.001919,1.500334,0.006318,0.004211,1.501445,0.013087,0.008716,1.506534,0.027229,0.018074,1.544514,0.057967,0.037531
6.756e+08,1.500074,0.002979,0.001986,1.500357,0.006539,0.004358,1.501547,0.013536,0.009015,1.506975,0.028078,0.018632,1.546468,0.058454,0.037798
6.994e+08,1.500079,0.003084,0.002056,1.500383,0.006768,0.004511,1.501656,0.014000,0.009323,1.507444,0.028946,0.019202,1.548453,0.058878,0.038024
7.240e+08,1.500085,0.003192,0.002128,1.500410,0.007004,0.004668,1.501773,0.014478,0.009641,1.507942,0.029832,0.019783,1.550464,0.059237,0.038206
7.495e+08,1.500091,0.003305,0.002203,1.500440,0.007249,0.004831,1.501898,0.014972,0.009969,1.508471,0.030736,0.020376,1.552498,0.059529,0.038344
7.759e+08,1.500098,0.003421,0.002280,1.500471,0.007502,0.005000,1.502032,0.015481,0.010307,1.509032,0.031658,0.020979,1.554550,0.059752,0.038437
8.032e+08,1.500105,0.003541,0.002360,1.500504,0.007764,0.005174,1.502175,0.016007,0.010656,1.509627,0.032597,0.021593,1.556614,0.059904,0.038484
8.315e+08,1.500112,0.003665,0.002443,1.500540,0.008035,0.005355,1.502327,0.016549,0.011016,1.510258,0.033552,0.022216,1.558686,0.059986,0.038485
8.608e+08,1.500120,0.003794,0.002529,1.500579,0.008315,0.005541,1.502491,0.017108,0.011386,1.510926,0.034521,0.022848,1.560762,0.059995,0.038440
8.911e+08,1.500129,0.003927,0.002618,1.500620,0.008605,0.005734,1.502665,0.017684,0.011768,1.511633,0.035505,0.023488,1.562836,0.059933,0.038349
9.224e+08,1.500138,0.004065,0.002710,1.500664,0.008904,0.005934,1.502852,0.018277,0.012162,1.512380,0.036501,0.024135,1.564902,0.059799,0.038213
9.549e+08,1.500148,0.004208,0.002805,1.500712,0.009214,0.006140,1.503051,0.018888,0.012567,1.513170,0.037509,0.024788,1.566958,0.059595,0.038032
9.885e+08,1.500158,0.004356,0.002904,1.500762,0.009535,0.006353,1.503263,0.019518,0.012984,1.514003,0.038526,0.025447,1.568997,0.059322,0.037809
1.023e+09,1.500170,0.004509,0.003005,1.500817,0.009866,0.006574,1.503490,0.020166,0.013412,1.514882,0.039552,0.026109,1.571014,0.058980,0.037543
1.059e+09,1.500182,0.004667,0.003111,1.500875,0.010208,0.006801,1.503733,0.020832,0.013854,1.515808,0.040584,0.026774,1.573007,0.058573,0.037236
1.097e+09,1.500195,0.004831,0.003220,1.500937,0.010562,0.007037,1.503991,0.021517,0.014307,1.516782,0.041619,0.027439,1.574970,0.058103,0.036891
1.135e+09,1.500209,0.005000,0.003333,1.501003,0.010928,0.007280,1.504267,0.022222,0.014773,1.517806,0.042657,0.028104,1.576899,0.057571,0.036509
1.175e+09,1.500224,0.005176,0.003450,1.501075,0.011305,0.007532,1.504561,0.022946,0.015251,1.518881,0.043694,0.028767,1.578791,0.056982,0.036092
1.217e+09,1.500240,0.005357,0.003571,1.501151,0.011696,0.007791,1.504874,0.023689,0.015741,1.520008,0.044728,0.029426,1.580642,0.056337,0.035642
1.259e+09,1.500257,0.005545,0.003696,1.501233,0.012099,0.008060,1.505208,0.024452,0.016245,1.521188,0.045756,0.030079,1.582450,0.055642,0.035162
1.304e+09,1.500275,0.005739,0.003825,1.501320,0.012516,0.008337,1.505564,0.025234,0.016760,1.522422,0.046775,0.030724,1.584212,0.054898,0.034653
1.350e+09,1.500295,0.005940,0.003959,1.501413,0.012946,0.008623,1.505943,0.026036,0.017289,1.523711,0.047782,0.031359,1.585925,0.054110,0.034119
1.397e+09,1.500316,0.006148,0.004098,1.501513,0.013391,0.008918,1.506346,0.026857,0.017829,1.525055,0.048774,0.031982,1.587588,0.053282,0.033561
1.446e+09,1.500338,0.006363,0.004241,1.501620,0.013850,0.009223,1.506775,0.027697,0.018382,1.526455,0.049746,0.032590,1.589198,0.052416,0.032983
1.497e+09,1.500363,0.006586,0.004390,1.501735,0.014323,0.009538,1.507232,0.028557,0.018947,1.527909,0.050697,0.033181,1.590756,0.051518,0.032386
1.550e+09,1.500388,0.006817,0.004543,1.501857,0.014812,0.009863,1.507716,0.029435,0.019523,1.529418,0.051621,0.033752,1.592259,0.050590,0.031773
1.605e+09,1.500416,0.007055,0.004702,1.501988,0.015317,0.010198,1.508231,0.030331,0.020111,1.530982,0.052516,0.034302,1.593707,0.049637,0.031146
1.661e+09,1.500446,0.007301,0.004866,1.502128,0.015837,0.010543,1.508778,0.031246,0.020709,1.532599,0.053378,0.034828,1.595100,0.048662,0.030507
1.719e+09,1.500478,0.007556,0.005036,1.502277,0.016374,0.010899,1.509358,0.032177,0.021318,1.534267,0.054202,0.035327,1.596438,0.047669,0.029859
1.780e+09,1.500512,0.007820,0.005212,1.502437,0.016927,0.011266,1.509972,0.033125,0.021937,1.535986,0.054985,0.035798,1.597721,0.046660,0.029204
1.843e+09,1.500548,0.008093,0.005393,1.502608,0.017498,0.011645,1.510624,0.034088,0.022565,1.537753,0.055723,0.036237,1.598949,0.045640,0.028544
1.908e+09,1.500587,0.008375,0.005581,1.502791,0.018085,0.012034,1.511313,0.035065,0.023202,1.539566,0.056413,0.036642,1.600123,0.044611,0.027880
1.975e+09,1.500629,0.008667,0.005776,1.502985,0.018691,0.012436,1.512042,0.036056,0.023846,1.541422,0.057051,0.037012,1.601244,0.043577,0.027214
2.044e+09,1.500674,0.008969,0.005976,1.503194,0.019314,0.012849,1.512813,0.037059,0.024497,1.543318,0.057634,0.037344,1.602313,0.042539,0.026549
2.116e+09,1.500722,0.009281,0.006184,1.503416,0.019956,0.013274,1.513626,0.038072,0.025153,1.545252,0.058159,0.037637,1.603331,0.041502,0.025885
2.191e+09,1.500773,0.009603,0.006399,1.503653,0.020617,0.013711,1.514485,0.039094,0.025814,1.547218,0.058623,0.037889,1.604300,0.040466,0.025224
2.268e+09,1.500829,0.009937,0.006621,1.503906,0.021296,0.014160,1.515389,0.040124,0.026477,1.549213,0.059022,0.038098,1.605220,0.039435,0.024567
2.348e+09,1.500887,0.010281,0.006850,1.504177,0.021994,0.014622,1.516342,0.041158,0.027143,1.551234,0.059356,0.038264,1.606094,0.038410,0.023915
2.430e+09,1.500951,0.010638,0.007087,1.504465,0.022712,0.015096,1.517343,0.042195,0.027808,1.553275,0.059622,0.038385,1.606922,0.037394,0.023271
2.516e+09,1.501018,0.011006,0.007332,1.504772,0.023449,0.015583,1.518395,0.043233,0.028473,1.555332,0.059818,0.038460,1.607707,0.036388,0.022633
2.604e+09,1.501090,0.011386,0.007585,1.505099,0.024205,0.016082,1.519499,0.044268,0.029134,1.557400,0.059944,0.038490,1.608450,0.035393,0.022004
2.696e+09,1.501168,0.011779,0.007847,1.505448,0.024981,0.016594,1.520656,0.045299,0.029789,1.559474,0.059998,0.038473,1.609152,0.034410,0.021384
2.791e+09,1.501250,0.012186,0.008117,1.505819,0.025777,0.017118,1.521866,0.046323,0.030438,1.561549,0.059980,0.038411,1.609816,0.033442,0.020774
2.889e+09,1.501339,0.012605,0.008396,1.506215,0.026592,0.017655,1.523130,0.047335,0.031078,1.563621,0.059891,0.038303,1.610442,0.032490,0.020174
2.991e+09,1.501434,0.013038,0.008684,1.506635,0.027426,0.018204,1.524450,0.048334,0.031706,1.565684,0.059730,0.038150,1.611034,0.031553,0.019585
3.096e+09,1.501535,0.013486,0.008981,1.507083,0.028280,0.018765,1.525825,0.049316,0.032321,1.567734,0.059500,0.037953,1.611591,0.030633,0.019008
3.205e+09,1.501644,0.013948,0.009288,1.507558,0.029152,0.019337,1.527255,0.050277,0.032920,1.569765,0.059200,0.037713,1.612116,0.029731,0.018442
3.318e+09,1.501760,0.014425,0.009605,1.508063,0.030043,0.019921,1.528740,0.051213,0.033500,1.571774,0.058833,0.037431,1.612611,0.028846,0.017888
3.435e+09,1.501884,0.014917,0.009932,1.508599,0.030951,0.020516,1.530279,0.052122,0.034060,1.573755,0.058402,0.037110,1.613076,0.027980,0.017346
3.556e+09,1.502017,0.015425,0.010269,1.509168,0.031877,0.021122,1.531872,0.052998,0.034597,1.575706,0.057908,0.036750,1.613514,0.027134,0.016817
3.681e+09,1.502158,0.015948,0.010617,1.509772,0.032820,0.021738,1.533518,0.053839,0.035108,1.577621,0.057354,0.036355,1.613926,0.026306,0.016299
3.810e+09,1.502310,0.016488,0.010975,1.510411,0.033778,0.022363,1.535214,0.054641,0.035592,1.579498,0.056743,0.035925,1.614313,0.025498,0.015795
3.945e+09,1.502472,0.017045,0.011345,1.511088,0.034751,0.022997,1.536960,0.055400,0.036045,1.581333,0.056079,0.035463,1.614676,0.024709,0.015303
4.083e+09,1.502645,0.017619,0.011726,1.511804,0.035738,0.023639,1.538753,0.056112,0.036466,1.583124,0.055365,0.034972,1.615017,0.023940,0.014823
4.227e+09,1.502830,0.018211,0.012118,1.512561,0.036737,0.024288,1.540590,0.056774,0.036852,1.584868,0.054604,0.034453,1.615337,0.023190,0.014356
4.376e+09,1.503028,0.018820,0.012521,1.513361,0.037747,0.024942,1.542469,0.057382,0.037201,1.586562,0.053800,0.033910,1.615638,0.022460,0.013902
4.530e+09,1.503239,0.019448,0.012937,1.514205,0.038766,0.025602,1.544386,0.057933,0.037512,1.588205,0.052957,0.033344,1.615919,0.021749,0.013459
4.689e+09,1.503465,0.020093,0.013365,1.515095,0.039793,0.026265,1.546338,0.058424,0.037782,1.589796,0.052079,0.032758,1.616184,0.021057,0.013029
4.854e+09,1.503705,0.020758,0.013804,1.516032,0.040826,0.026930,1.548321,0.058852,0.038010,1.591332,0.051169,0.032155,1.616431,0.020385,0.012611
5.025e+09,1.503962,0.021441,0.014256,1.517017,0.041863,0.027595,1.550331,0.059216,0.038196,1.592815,0.050231,0.031536,1.616663,0.019731,0.012205
5.202e+09,1.504236,0.022143,0.014721,1.518053,0.042901,0.028260,1.552364,0.059512,0.038336,1.594242,0.049269,0.030905,1.616880,0.019095,0.011810
5.385e+09,1.504528,0.022865,0.015197,1.519140,0.043937,0.028922,1.554414,0.059739,0.038432,1.595614,0.048287,0.030262,1.617084,0.018478,0.011427
5.575e+09,1.504839,0.023606,0.015687,1.520280,0.044970,0.029580,1.556478,0.059897,0.038482,1.596931,0.047287,0.029611,1.617274,0.017879,0.011055
5.771e+09,1.505171,0.024367,0.016189,1.521473,0.045996,0.030231,1.558550,0.059982,0.038486,1.598193,0.046274,0.028954,1.617453,0.017297,0.010694
5.974e+09,1.505524,0.025147,0.016703,1.522720,0.047013,0.030874,1.560625,0.059997,0.038444,1.599401,0.045250,0.028292,1.617620,0.016733,0.010344
6.185e+09,1.505900,0.025946,0.017230,1.524022,0.048016,0.031506,1.562699,0.059939,0.038356,1.600555,0.044219,0.027627,1.617776,0.016185,0.010005
6.402e+09,1.506301,0.026765,0.017769,1.525379,0.049004,0.032126,1.564767,0.059810,0.038223,1.601656,0.043183,0.026962,1.617922,0.015654,0.009675
6.628e+09,1.506727,0.027604,0.018320,1.526791,0.049972,0.032730,1.566823,0.059611,0.038046,1.602705,0.042146,0.026296,1.618059,0.015139,0.009356
6.861e+09,1.507180,0.028461,0.018884,1.528258,0.050916,0.033317,1.568863,0.059342,0.037825,1.603705,0.041108,0.025633,1.618186,0.014640,0.009047
7.103e+09,1.507661,0.029337,0.019459,1.529780,0.051834,0.033883,1.570882,0.059005,0.037562,1.604655,0.040074,0.024974,1.618306,0.014157,0.008748
7.353e+09,1.508173,0.030232,0.020045,1.531356,0.052721,0.034428,1.572876,0.058602,0.037258,1.605557,0.039045,0.024319,1.618418,0.013688,0.008458
7.611e+09,1.508716,0.031144,0.020643,1.532985,0.053574,0.034948,1.574841,0.058135,0.036915,1.606413,0.038024,0.023670,1.618522,0.013235,0.008177
7.879e+09,1.509292,0.032073,0.021251,1.534666,0.054389,0.035440,1.576773,0.057608,0.036535,1.607225,0.037011,0.023028,1.618620,0.012795,0.007905
8.157e+09,1.509903,0.033019,0.021869,1.536396,0.055162,0.035904,1.578667,0.057022,0.036120,1.607994,0.036009,0.022393,1.618711,0.012369,0.007642
8.444e+09,1.510550,0.033981,0.022496,1.538174,0.055889,0.036335,1.580521,0.056381,0.035673,1.608721,0.035018,0.021768,1.618796,0.011957,0.007387
8.741e+09,1.511235,0.034957,0.023131,1.539998,0.056568,0.036732,1.582332,0.055689,0.035194,1.609408,0.034041,0.021152,1.618876,0.011559,0.007140
9.049e+09,1.511960,0.035946,0.023775,1.541863,0.057193,0.037094,1.584097,0.054948,0.034688,1.610058,0.033079,0.020545,1.618951,0.011172,0.006901
9.367e+09,1.512726,0.036948,0.024425,1.543769,0.057763,0.037417,1.585813,0.054163,0.034155,1.610671,0.032132,0.019950,1.619020,0.010799,0.006670
9.697e+09,1.513535,0.037960,0.025080,1.545710,0.058273,0.037700,1.587480,0.053337,0.033599,1.611249,0.031202,0.019365,1.619085,0.010437,0.006446
1.004e+10,1.514388,0.038981,0.025741,1.547683,0.058722,0.037942,1.589094,0.052474,0.033022,1.611794,0.030288,0.018792,1.619146,0.010088,0.006230
1.039e+10,1.515287,0.040010,0.026404,1.549685,0.059107,0.038141,1.590655,0.051578,0.032426,1.612307,0.029393,0.018230,1.619203,0.009749,0.006021
1.076e+10,1.516234,0.041044,0.027069,1.551711,0.059425,0.038296,1.592161,0.050652,0.031813,1.612791,0.028516,0.017681,1.619256,0.009422,0.005819
1.114e+10,1.517231,0.042081,0.027735,1.553756,0.059674,0.038406,1.593613,0.049701,0.031187,1.613246,0.027657,0.017144,1.619305,0.009105,0.005623
1.153e+10,1.518277,0.043118,0.028400,1.555816,0.059854,0.038471,1.595010,0.048727,0.030550,1.613673,0.026817,0.016619,1.619351,0.008799,0.005434
1.193e+10,1.519375,0.044154,0.029061,1.557886,0.059963,0.038490,1.596351,0.047734,0.029902,1.614075,0.025997,0.016106,1.619394,0.008503,0.005251
1.235e+10,1.520526,0.045186,0.029717,1.559961,0.060000,0.038462,1.597638,0.046727,0.029247,1.614453,0.025196,0.015607,1.619435,0.008217,0.005074
1.279e+10,1.521730,0.046210,0.030367,1.562036,0.059965,0.038389,1.598869,0.045707,0.028587,1.614808,0.024415,0.015119,1.619472,0.007940,0.004903
1.324e+10,1.522988,0.047224,0.031008,1.564106,0.059859,0.038271,1.600047,0.044679,0.027924,1.615141,0.023653,0.014645,1.619507,0.007672,0.004737
1.371e+10,1.524302,0.048225,0.031637,1.566166,0.059682,0.038107,1.601172,0.043645,0.027258,1.615454,0.022911,0.014182,1.619540,0.007413,0.004577
1.419e+10,1.525670,0.049209,0.032254,1.568212,0.059435,0.037900,1.602244,0.042608,0.026593,1.615747,0.022188,0.013732,1.619571,0.007163,0.004423
1.469e+10,1.527094,0.050172,0.032854,1.570238,0.059120,0.037650,1.603266,0.041570,0.025928,1.616022,0.021484,0.013295,1.619600,0.006921,0.004273
1.520e+10,1.528573,0.051111,0.033437,1.572241,0.058738,0.037359,1.604238,0.040534,0.025267,1.616279,0.020800,0.012869,1.619626,0.006687,0.004129
1.574e+10,1.530107,0.052023,0.034000,1.574216,0.058292,0.037029,1.605161,0.039503,0.024610,1.616521,0.020134,0.012455,1.619651,0.006461,0.003989
1.629e+10,1.531694,0.052903,0.034539,1.576158,0.057783,0.036661,1.606038,0.038478,0.023958,1.616747,0.019487,0.012053,1.619674,0.006242,0.003854
1.687e+10,1.533334,0.053749,0.035053,1.578065,0.057216,0.036257,1.606869,0.037461,0.023313,1.616959,0.018859,0.011663,1.619696,0.006031,0.003724
1.746e+10,1.535025,0.054555,0.035540,1.579933,0.056592,0.035819,1.607657,0.036454,0.022675,1.617158,0.018249,0.011284,1.619716,0.005827,0.003598
1.808e+10,1.536765,0.055319,0.035997,1.581758,0.055916,0.035351,1.608402,0.035458,0.022045,1.617343,0.017656,0.010917,1.619735,0.005630,0.003476
1.871e+10,1.538553,0.056036,0.036421,1.583537,0.055191,0.034853,1.609107,0.034475,0.021425,1.617517,0.017081,0.010560,1.619753,0.005439,0.003358
1.937e+10,1.540386,0.056703,0.036811,1.585269,0.054419,0.034328,1.609773,0.033506,0.020814,1.617680,0.016523,0.010214,1.619769,0.005255,0.003244
2.005e+10,1.542260,0.057318,0.037165,1.586952,0.053606,0.033779,1.610402,0.032552,0.020214,1.617832,0.015982,0.009878,1.619785,0.005077,0.003134
2.076e+10,1.544173,0.057875,0.037480,1.588583,0.052754,0.033208,1.610996,0.031614,0.019624,1.617975,0.015457,0.009553,1.619799,0.004905,0.003028
2.149e+10,1.546122,0.058373,0.037754,1.590161,0.051868,0.032618,1.611555,0.030693,0.019046,1.618108,0.014948,0.009238,1.619813,0.004739,0.002925
2.225e+10,1.548101,0.058808,0.037987,1.591685,0.050952,0.032011,1.612083,0.029789,0.018479,1.618233,0.014455,0.008933,1.619825,0.004578,0.002826
2.303e+10,1.550108,0.059179,0.038177,1.593154,0.050008,0.031389,1.612579,0.028904,0.017924,1.618349,0.013977,0.008637,1.619837,0.004423,0.002730
2.384e+10,1.552139,0.059483,0.038323,1.594569,0.049041,0.030755,1.613046,0.028037,0.017381,1.618458,0.013514,0.008350,1.619848,0.004273,0.002638
2.468e+10,1.554187,0.059718,0.038424,1.595928,0.048054,0.030110,1.613486,0.027189,0.016851,1.618560,0.013066,0.008073,1.619858,0.004128,0.002548
2.555e+10,1.556250,0.059883,0.038479,1.597232,0.047051,0.029458,1.613899,0.026360,0.016333,1.618655,0.012632,0.007804,1.619867,0.003988,0.002462
2.645e+10,1.558321,0.059977,0.038488,1.598481,0.046035,0.028799,1.614288,0.025550,0.015828,1.618744,0.012211,0.007544,1.619876,0.003852,0.002378
2.738e+10,1.560396,0.059999,0.038451,1.599676,0.045009,0.028136,1.614653,0.024760,0.015335,1.618827,0.011805,0.007292,1.619884,0.003722,0.002298
2.834e+10,1.562471,0.059949,0.038368,1.600818,0.043976,0.027471,1.614995,0.023990,0.014854,1.618905,0.011411,0.007048,1.619892,0.003595,0.002220
2.934e+10,1.564539,0.059828,0.038240,1.601907,0.042940,0.026805,1.615317,0.023239,0.014387,1.618978,0.011029,0.006812,1.619899,0.003473,0.002144
3.037e+10,1.566597,0.059636,0.038067,1.602944,0.041902,0.026141,1.615618,0.022507,0.013931,1.619045,0.010660,0.006584,1.619906,0.003355,0.002071
3.144e+10,1.568639,0.059375,0.037851,1.603932,0.040866,0.025478,1.615901,0.021795,0.013488,1.619109,0.010303,0.006364,1.619912,0.003241,0.002001
3.255e+10,1.570661,0.059045,0.037593,1.604871,0.039832,0.024820,1.616167,0.021102,0.013057,1.619168,0.009958,0.006150,1.619918,0.003131,0.001933
3.369e+10,1.572658,0.058650,0.037293,1.605762,0.038805,0.024166,1.616415,0.020428,0.012638,1.619223,0.009624,0.005943,1.619924,0.003025,0.001867
3.488e+10,1.574626,0.058190,0.036955,1.606608,0.037785,0.023519,1.616648,0.019773,0.012231,1.619275,0.009300,0.005744,1.619929,0.002922,0.001804
3.611e+10,1.576562,0.057669,0.036579,1.607409,0.036775,0.022878,1.616866,0.019137,0.011836,1.619323,0.008988,0.005550,1.619934,0.002823,0.001743
3.738e+10,1.578460,0.057090,0.036168,1.608168,0.035775,0.022246,1.617071,0.018518,0.011452,1.619368,0.008685,0.005364,1.619938,0.002727,0.001684
3.869e+10,1.580319,0.056455,0.035724,1.608886,0.034788,0.021622,1.617262,0.017918,0.011079,1.619410,0.008393,0.005183,1.619942,0.002635,0.001626
4.006e+10,1.582135,0.055768,0.035248,1.609564,0.033814,0.021008,1.617441,0.017335,0.010717,1.619449,0.008110,0.005008,1.619946,0.002545,0.001571
4.147e+10,1.583905,0.055032,0.034745,1.610205,0.032856,0.020405,1.617609,0.016769,0.010367,1.619486,0.007837,0.004839,1.619950,0.002459,0.001518
4.293e+10,1.585627,0.054252,0.034215,1.610809,0.031912,0.019811,1.617766,0.016221,0.010027,1.619520,0.007573,0.004676,1.619953,0.002375,0.001466
4.444e+10,1.587298,0.053430,0.033661,1.611380,0.030986,0.019229,1.617913,0.015689,0.009697,1.619552,0.007317,0.004518,1.619956,0.002294,0.001416
4.600e+10,1.588918,0.052571,0.033086,1.611917,0.030077,0.018659,1.618050,0.015173,0.009377,1.619582,0.007070,0.004365,1.619959,0.002216,0.001368
4.762e+10,1.590485,0.051678,0.032492,1.612423,0.029185,0.018100,1.618178,0.014673,0.009067,1.619610,0.006831,0.004218,1.619962,0.002141,0.001322
4.930e+10,1.591998,0.050756,0.031882,1.612900,0.028312,0.017554,1.618298,0.014188,0.008767,1.619636,0.006600,0.004075,1.619964,0.002068,0.001277
5.103e+10,1.593456,0.049807,0.031257,1.613348,0.027458,0.017019,1.618411,0.013719,0.008477,1.619660,0.006377,0.003937,1.619967,0.001998,0.001233
5.283e+10,1.594859,0.048835,0.030620,1.613770,0.026623,0.016498,1.618516,0.013264,0.008195,1.619683,0.006162,0.003804,1.619969,0.001930,0.001191
5.469e+10,1.596206,0.047845,0.029974,1.614166,0.025807,0.015988,1.618614,0.012824,0.007923,1.619704,0.005953,0.003675,1.619971,0.001864,0.001151
5.661e+10,1.597499,0.046839,0.029320,1.614538,0.025011,0.015491,1.618705,0.012397,0.007659,1.619724,0.005752,0.003551,1.619973,0.001801,0.001112
5.861e+10,1.598736,0.045820,0.028660,1.614888,0.024234,0.015007,1.618791,0.011984,0.007403,1.619742,0.005557,0.003431,1.619975,0.001740,0.001074
6.067e+10,1.599920,0.044793,0.027997,1.615216,0.023477,0.014535,1.618871,0.011584,0.007156,1.619759,0.005369,0.003314,1.619976,0.001681,0.001038
6.281e+10,1.601050,0.043759,0.027332,1.615524,0.022739,0.014076,1.618946,0.011198,0.006917,1.619775,0.005187,0.003202,1.619978,0.001624,0.001002
6.502e+10,1.602129,0.042722,0.026666,1.615813,0.022021,0.013629,1.619016,0.010823,0.006685,1.619790,0.005011,0.003094,1.619979,0.001568,0.000968
6.730e+10,1.603156,0.041684,0.026001,1.616084,0.021322,0.013194,1.619081,0.010461,0.006461,1.619804,0.004841,0.002989,1.619981,0.001515,0.000935
6.967e+10,1.604133,0.040648,0.025340,1.616337,0.020642,0.012771,1.619142,0.010110,0.006244,1.619817,0.004677,0.002887,1.619982,0.001464,0.000903
7.213e+10,1.605062,0.039616,0.024682,1.616575,0.019981,0.012360,1.619199,0.009771,0.006035,1.619830,0.004519,0.002789,1.619983,0.001414,0.000873
7.467e+10,1.605943,0.038590,0.024030,1.616798,0.019338,0.011961,1.619252,0.009443,0.005832,1.619841,0.004365,0.002695,1.619984,0.001366,0.000843
7.729e+10,1.606779,0.037572,0.023384,1.617007,0.018714,0.011573,1.619302,0.009126,0.005636,1.619852,0.004217,0.002603,1.619985,0.001319,0.000814
8.002e+10,1.607572,0.036564,0.022745,1.617202,0.018108,0.011197,1.619348,0.008819,0.005446,1.619862,0.004074,0.002515,1.619986,0.001274,0.000787
8.283e+10,1.608322,0.035567,0.022114,1.617385,0.017519,0.010832,1.619392,0.008522,0.005263,1.619871,0.003936,0.002430,1.619987,0.001231,0.000760
8.575e+10,1.609031,0.034582,0.021493,1.617557,0.016948,0.010478,1.619432,0.008235,0.005085,1.619879,0.003802,0.002347,1.619988,0.001189,0.000734
8.877e+10,1.609702,0.033612,0.020881,1.617717,0.016394,0.010134,1.619470,0.007958,0.004914,1.619887,0.003673,0.002268,1.619989,0.001149,0.000709
9.189e+10,1.610335,0.032656,0.020279,1.617867,0.015857,0.009801,1.619505,0.007689,0.004748,1.619895,0.003549,0.002191,1.619990,0.001110,0.000685
9.513e+10,1.610932,0.031717,0.019688,1.618007,0.015336,0.009478,1.619538,0.007430,0.004588,1.619902,0.003428,0.002116,1.619990,0.001072,0.000662
9.847e+10,1.611495,0.030794,0.019109,1.618138,0.014831,0.009166,1.619569,0.007179,0.004433,1.619909,0.003312,0.002044,1.619991,0.001036,0.000639
1.019e+11,1.612026,0.029888,0.018541,1.618261,0.014342,0.008862,1.619598,0.006937,0.004283,1.619915,0.003199,0.001975,1.619992,0.001000,0.000618
1.055e+11,1.612526,0.029001,0.017985,1.618375,0.013867,0.008569,1.619624,0.006702,0.004138,1.619920,0.003091,0.001908,1.619992,0.000966,0.000597
1.092e+11,1.612996,0.028132,0.017441,1.618483,0.013408,0.008284,1.619650,0.006476,0.003998,1.619926,0.002986,0.001843,1.619993,0.000934,0.000576
1.131e+11,1.613439,0.027281,0.016909,1.618583,0.012963,0.008009,1.619673,0.006257,0.003863,1.619931,0.002884,0.001780,1.619993,0.000902,0.000557
1.171e+11,1.613855,0.026450,0.016390,1.618677,0.012532,0.007742,1.619695,0.006045,0.003732,1.619935,0.002786,0.001720,1.619994,0.000871,0.000538
1.212e+11,1.614246,0.025639,0.015883,1.618764,0.012115,0.007484,1.619715,0.005840,0.003606,1.619940,0.002692,0.001662,1.619994,0.000842,0.000519
1.255e+11,1.614614,0.024847,0.015389,1.618846,0.011711,0.007234,1.619734,0.005643,0.003484,1.619944,0.002600,0.001605,1.619994,0.000813,0.000502
1.299e+11,1.614959,0.024074,0.014907,1.618922,0.011320,0.006992,1.619752,0.005452,0.003366,1.619947,0.002512,0.001551,1.619995,0.000785,0.000485
1.344e+11,1.615282,0.023321,0.014438,1.618994,0.010942,0.006758,1.619768,0.005267,0.003252,1.619951,0.002427,0.001498,1.619995,0.000759,0.000468
1.392e+11,1.615586,0.022587,0.013981,1.619061,0.010575,0.006532,1.619784,0.005089,0.003142,1.619954,0.002344,0.001447,1.619996,0.000733,0.000452
1.441e+11,1.615871,0.021873,0.013536,1.619123,0.010221,0.006313,1.619798,0.004916,0.003035,1.619957,0.002264,0.001398,1.619996,0.000708,0.000437
1.491e+11,1.616138,0.021178,0.013104,1.619181,0.009878,0.006101,1.619812,0.004749,0.002932,1.619960,0.002187,0.001350,1.619996,0.000684,0.000422
1.544e+11,1.616389,0.020502,0.012684,1.619236,0.009547,0.005896,1.619824,0.004588,0.002833,1.619963,0.002113,0.001304,1.619996,0.000661,0.000408
1.598e+11,1.616623,0.019844,0.012275,1.619286,0.009226,0.005698,1.619836,0.004433,0.002737,1.619965,0.002041,0.001260,1.619997,0.000638,0.000394
1.655e+11,1.616843,0.019206,0.011879,1.619334,0.008916,0.005506,1.619847,0.004283,0.002644,1.619968,0.001972,0.001217,1.619997,0.000616,0.000380
1.713e+11,1.617049,0.018585,0.011493,1.619378,0.008616,0.005321,1.619857,0.004137,0.002554,1.619970,0.001905,0.001176,1.619997,0.000595,0.000368
1.773e+11,1.617242,0.017983,0.011120,1.619420,0.008326,0.005141,1.619867,0.003997,0.002467,1.619972,0.001840,0.001136,1.619997,0.000575,0.000355
1.836e+11,1.617422,0.017398,0.010757,1.619458,0.008045,0.004968,1.619876,0.003861,0.002384,1.619974,0.001778,0.001097,1.619997,0.000556,0.000343
1.900e+11,1.617591,0.016831,0.010405,1.619494,0.007774,0.004800,1.619884,0.003730,0.002303,1.619975,0.001717,0.001060,1.619998,0.000537,0.000331
1.967e+11,1.617749,0.016280,0.010064,1.619528,0.007512,0.004638,1.619892,0.003604,0.002225,1.619977,0.001659,0.001024,1.619998,0.000518,0.000320
2.036e+11,1.617897,0.015746,0.009733,1.619559,0.007258,0.004482,1.619899,0.003481,0.002149,1.619979,0.001602,0.000989,1.619998,0.000501,0.000309
2.108e+11,1.618035,0.015229,0.009412,1.619589,0.007013,0.004330,1.619906,0.003363,0.002076,1.619980,0.001548,0.000956,1.619998,0.000484,0.000299
2.182e+11,1.618165,0.014727,0.009101,1.619616,0.006776,0.004184,1.619912,0.003249,0.002006,1.619981,0.001495,0.000923,1.619998,0.000467,0.000288
2.259e+11,1.618285,0.014241,0.008800,1.619642,0.006547,0.004042,1.619918,0.003139,0.001937,1.619983,0.001445,0.000892,1.619998,0.000451,0.000279
2.339e+11,1.618399,0.013770,0.008508,1.619666,0.006326,0.003906,1.619923,0.003032,0.001872,1.619984,0.001395,0.000861,1.619998,0.000436,0.000269
2.421e+11,1.618504,0.013313,0.008226,1.619688,0.006112,0.003774,1.619928,0.002929,0.001808,1.619985,0.001348,0.000832,1.619999,0.000421,0.000260
2.506e+11,1.618603,0.012871,0.007952,1.619709,0.005905,0.003646,1.619933,0.002830,0.001747,1.619986,0.001302,0.000804,1.619999,0.000407,0.000251
2.594e+11,1.618696,0.012443,0.007687,1.619728,0.005705,0.003522,1.619938,0.002733,0.001687,1.619987,0.001258,0.000776,1.619999,0.000393,0.000243
2.686e+11,1.618782,0.012029,0.007431,1.619746,0.005512,0.003403,1.619942,0.002641,0.001630,1.619988,0.001215,0.000750,1.619999,0.000380,0.000234
2.780e+11,1.618862,0.011628,0.007183,1.619763,0.005325,0.003288,1.619946,0.002551,0.001575,1.619989,0.001174,0.000725,1.619999,0.000367,0.000226
2.878e+11,1.618938,0.011240,0.006943,1.619779,0.005145,0.003176,1.619949,0.002464,0.001521,1.619989,0.001134,0.000700,1.619999,0.000354,0.000219
2.979e+11,1.619008,0.010864,0.006710,1.619794,0.004971,0.003069,1.619953,0.002380,0.001469,1.619990,0.001095,0.000676,1.619999,0.000342,0.000211
3.084e+11,1.619074,0.010500,0.006485,1.619808,0.004802,0.002965,1.619956,0.002300,0.001420,1.619991,0.001058,0.000653,1.619999,0.000331,0.000204
3.193e+11,1.619136,0.010148,0.006268,1.619820,0.004639,0.002864,1.619959,0.002221,0.001371,1.619991,0.001022,0.000631,1.619999,0.000319,0.000197
3.305e+11,1.619193,0.009808,0.006057,1.619832,0.004482,0.002767,1.619962,0.002146,0.001325,1.619992,0.000987,0.000609,1.619999,0.000309,0.000190
3.422e+11,1.619247,0.009479,0.005854,1.619844,0.004330,0.002673,1.619964,0.002073,0.001280,1.619992,0.000954,0.000589,1.619999,0.000298,0.000184
3.542e+11,1.619297,0.009160,0.005657,1.619854,0.004183,0.002582,1.619967,0.002003,0.001236,1.619993,0.000921,0.000569,1.619999,0.000288,0.000178
3.667e+11,1.619343,0.008852,0.005467,1.619864,0.004041,0.002495,1.619969,0.001934,0.001194,1.619993,0.000890,0.000549,1.619999,0.000278,0.000172
3.796e+11,1.619387,0.008554,0.005282,1.619873,0.003904,0.002410,1.619971,0.001869,0.001154,1.619994,0.000860,0.000531,1.619999,0.000269,0.000166
3.929e+11,1.619428,0.008266,0.005104,1.619881,0.003772,0.002328,1.619973,0.001805,0.001114,1.619994,0.000831,0.000513,1.619999,0.000260,0.000160
4.068e+11,1.619466,0.007988,0.004932,1.619889,0.003644,0.002249,1.619975,0.001744,0.001076,1.619995,0.000802,0.000495,1.619999,0.000251,0.000155
4.211e+11,1.619501,0.007718,0.004766,1.619897,0.003520,0.002173,1.619976,0.001685,0.001040,1.619995,0.000775,0.000478,1.620000,0.000242,0.000150
4.359e+11,1.619535,0.007458,0.004605,1.619904,0.003400,0.002099,1.619978,0.001627,0.001005,1.619995,0.000749,0.000462,1.620000,0.000234,0.000144
4.513e+11,1.619566,0.007206,0.004449,1.619910,0.003285,0.002028,1.619979,0.001572,0.000970,1.619996,0.000723,0.000446,1.620000,0.000226,0.000140
4.671e+11,1.619595,0.006963,0.004299,1.619916,0.003173,0.001959,1.619981,0.001519,0.000937,1.619996,0.000699,0.000431,1.620000,0.000218,0.000135
4.836e+11,1.619622,0.006728,0.004154,1.619922,0.003066,0.001892,1.619982,0.001467,0.000906,1.619996,0.000675,0.000417,1.620000,0.000211,0.000130
5.006e+11,1.619647,0.006500,0.004013,1.619927,0.002962,0.001828,1.619983,0.001417,0.000875,1.619996,0.000652,0.000402,1.620000,0.000204,0.000126
5.182e+11,1.619670,0.006280,0.003878,1.619932,0.002861,0.001766,1.619984,0.001369,0.000845,1.619997,0.000630,0.000389,1.620000,0.000197,0.000121
5.365e+11,1.619692,0.006068,0.003746,1.619936,0.002764,0.001706,1.619985,0.001322,0.000816,1.619997,0.000608,0.000376,1.620000,0.000190,0.000117
5.554e+11,1.619713,0.005863,0.003620,1.619941,0.002670,0.001648,1.619986,0.001277,0.000789,1.619997,0.000588,0.000363,1.620000,0.000184,0.000113
5.749e+11,1.619732,0.005664,0.003497,1.619945,0.002579,0.001592,1.619987,0.001234,0.000762,1.619997,0.000568,0.000350,1.620000,0.000177,0.000110
5.951e+11,1.619750,0.005472,0.003379,1.619948,0.002492,0.001538,1.619988,0.001192,0.000736,1.619997,0.000548,0.000339,1.620000,0.000171,0.000106
6.161e+11,1.619767,0.005287,0.003264,1.619952,0.002407,0.001486,1.619989,0.001151,0.000711,1.619998,0.000530,0.000327,1.620000,0.000166,0.000102
6.378e+11,1.619782,0.005108,0.003153,1.619955,0.002325,0.001435,1.619990,0.001112,0.000687,1.619998,0.000512,0.000316,1.620000,0.000160,0.000099
6.602e+11,1.619797,0.004935,0.003047,1.619958,0.002246,0.001387,1.619990,0.001075,0.000663,1.619998,0.000494,0.000305,1.620000,0.000154,0.000095
6.835e+11,1.619810,0.004768,0.002943,1.619961,0.002170,0.001339,1.619991,0.001038,0.000641,1.619998,0.000478,0.000295,1.620000,0.000149,0.000092
7.075e+11,1.619823,0.004606,0.002843,1.619963,0.002096,0.001294,1.619992,0.001003,0.000619,1.619998,0.000461,0.000285,1.620000,0.000144,0.000089
7.324e+11,1.619835,0.004450,0.002747,1.619966,0.002025,0.001250,1.619992,0.000969,0.000598,1.619998,0.000446,0.000275,1.620000,0.000139,0.000086
7.582e+11,1.619846,0.004299,0.002654,1.619968,0.001956,0.001207,1.619993,0.000936,0.000578,1.619998,0.000430,0.000266,1.620000,0.000135,0.000083
7.849e+11,1.619856,0.004153,0.002564,1.619970,0.001890,0.001166,1.619993,0.000904,0.000558,1.619999,0.000416,0.000257,1.620000,0.000130,0.000080
8.125e+11,1.619866,0.004012,0.002477,1.619972,0.001825,0.001127,1.619994,0.000873,0.000539,1.619999,0.000402,0.000248,1.620000,0.000126,0.000077
8.412e+11,1.619875,0.003876,0.002393,1.619974,0.001763,0.001088,1.619994,0.000843,0.000521,1.619999,0.000388,0.000240,1.620000,0.000121,0.000075
8.708e+11,1.619883,0.003744,0.002312,1.619976,0.001703,0.001051,1.619994,0.000815,0.000503,1.619999,0.000375,0.000231,1.620000,0.000117,0.000072
9.014e+11,1.619891,0.003617,0.002233,1.619977,0.001645,0.001016,1.619995,0.000787,0.000486,1.619999,0.000362,0.000223,1.620000,0.000113,0.000070
9.331e+11,1.619898,0.003495,0.002157,1.619979,0.001589,0.000981,1.619995,0.000760,0.000469,1.619999,0.000350,0.000216,1.620000,0.000109,0.000067
9.660e+11,1.619905,0.003376,0.002084,1.619980,0.001535,0.000948,1.619996,0.000734,0.000453,1.619999,0.000338,0.000209,1.620000,0.000106,0.000065
1.000e+12,1.619911,0.003261,0.002013,1.619982,0.001483,0.000916,1.619996,0.000709,0.000438,1.619999,0.000326,0.000201,1.620000,0.000102,0.000063
