t_h,delta_eta_Pas,K_alt_MPa,K_ratio,lambda_ox,lambda_fri,lambda_cav,lambda_tot
0.0,0.00000,1500.0000,1.0000,1.0000,0.2636,0.1355,1.3991
10.0,0.00301,1442.4826,0.9617,1.5460,0.1705,0.1355,1.8519
20.0,0.00601,1418.6582,0.9458,2.3900,0.1103,0.1355,2.6358
30.1,0.00902,1400.3770,0.9336,3.6949,0.0713,0.1355,3.9017
40.1,0.01202,1384.9653,0.9233,5.7123,0.0461,0.1355,5.8939
50.1,0.01503,1371.3873,0.9143,8.8310,0.0298,0.1355,8.9963
60.1,0.01804,1359.1118,0.9061,13.6525,0.0193,0.1355,13.8073
70.1,0.02104,1347.8234,0.8985,21.1064,0.0125,0.1355,21.2544
80.2,0.02405,1337.3163,0.8915,32.6300,0.0081,0.1355,32.7735
90.2,0.02705,1327.4479,0.8850,50.4451,0.0052,0.1355,50.5858
100.2,0.03006,1318.1141,0.8787,77.9868,0.0034,0.1355,78.1256
110.2,0.03307,1309.2365,0.8728,120.5655,0.0022,0.1355,120.7031
120.2,0.03607,1300.7540,0.8672,186.3911,0.0014,0.1355,186.5280
130.3,0.03908,1292.6182,0.8617,288.1557,0.0009,0.1355,288.2921
140.3,0.04208,1284.7897,0.8565,445.4811,0.0006,0.1355,445.6172
150.3,0.04509,1277.2362,0.8515,688.7021,0.0004,0.1355,688.8379
160.3,0.04810,1269.9306,0.8466,1064.7152,0.0002,0.1355,1064.8510
170.3,0.05110,1262.8498,0.8419,1646.0217,0.0002,0.1355,1646.1574
180.4,0.05411,1255.9745,0.8373,2544.7062,0.0001,0.1355,2544.8418
190.4,0.05711,1249.2876,0.8329,3934.0488,0.0001,0.1355,3934.1844
200.4,0.06012,1242.7745,0.8285,6081.9359,0.0000,0.1355,6082.0714
210.4,0.06313,1236.4223,0.8243,9402.5128,0.0000,0.1355,9402.6483
220.4,0.06613,1230.2197,0.8201,14536.0371,0.0000,0.1355,14536.1726
230.5,0.06914,1224.1564,0.8161,22472.3306,0.0000,0.1355,22472.4661
240.5,0.07214,1218.2236,0.8121,34741.6313,0.0000,0.1355,34741.7668
250.5,0.07515,1212.4132,0.8083,53709.6471,0.0000,0.1355,53709.7826
260.5,0.07816,1206.7178,0.8045,83033.7001,0.0000,0.1355,83033.8356
270.5,0.08116,1201.1310,0.8008,128367.9138,0.0000,0.1355,128368.0492
280.6,0.08417,1195.6467,0.7971,198453.4143,0.0000,0.1355,198453.5498
290.6,0.08717,1190.2595,0.7935,306803.7524,0.0000,0.1355,306803.8879
300.6,0.09018,1184.9644,0.7900,474310.5220,0.0000,0.1355,474310.6575
310.6,0.09319,1179.7569,0.7865,733271.5766,0.0000,0.1355,733271.7121
320.6,0.09619,1174.6327,0.7831,1133618.5476,0.0000,0.1355,1133618.6831
330.7,0.09920,1169.5879,0.7797,1752544.4222,0.0000,0.1355,1752544.5576
340.7,0.10220,1164.6190,0.7764,2709387.5255,0.0000,0.1355,2709387.6610
350.7,0.10521,1159.7227,0.7731,4188641.7661,0.0000,0.1355,4188641.9015
360.7,0.10822,1154.8958,0.7699,6475529.8676,0.0000,0.1355,6475530.0031
370.7,0.11122,1150.1355,0.7668,10010998.6501,0.0000,0.1355,10010998.7856
380.8,0.11423,1145.4392,0.7636,15476740.2857,0.0000,0.1355,15476740.4211
390.8,0.11723,1140.8042,0.7605,23926632.9206,0.0000,0.1355,23926633.0561
400.8,0.12024,1136.2283,0.7575,36989944.4166,0.0000,0.1355,36989944.5521
410.8,0.12325,1131.7092,0.7545,57185479.9831,0.0000,0.1355,57185480.1186
420.8,0.12625,1127.2449,0.7515,88407246.1442,0.0000,0.1355,88407246.2797
430.9,0.12926,1122.8334,0.7486,136675274.4422,0.0000,0.1355,136675274.5777
440.9,0.13226,1118.4730,0.7456,211296375.1113,0.0000,0.1355,211296375.2468
450.9,0.13527,1114.1618,0.7428,326658631.6903,0.0000,0.1355,326658631.8258
460.9,0.13828,1109.8983,0.7399,505005642.4374,0.0000,0.1355,505005642.5729
470.9,0.14128,1105.6808,0.7371,780725424.5019,0.0000,0.1355,780725424.6374
481.0,0.14429,1101.5080,0.7343,1206980946.8301,0.0000,0.1355,1206980946.9656
491.0,0.14729,1097.3785,0.7316,1865960759.4313,0.0000,0.1355,1865960759.5668
501.0,0.15030,1093.2908,0.7289,2884726196.2848,0.0000,0.1355,2884726196.4203
511.0,0.15331,1089.2439,0.7262,4459710733.7177,0.0000,0.1355,4459710733.8532
521.0,0.15631,1085.2364,0.7235,6894595353.2961,0.0000,0.1355,6894595353.4316
531.1,0.15932,1081.2673,0.7208,10658862855.4538,0.0000,0.1355,10658862855.5893
541.1,0.16232,1077.3354,0.7182,16478321286.4059,0.0000,0.1355,16478321286.5414
551.1,0.16533,1073.4398,0.7156,25475050772.3326,0.0000,0.1355,25475050772.4681
561.1,0.16834,1069.5795,0.7131,39383757639.7000,0.0000,0.1355,39383757639.8354
571.1,0.17134,1065.7534,0.7105,60886252187.8546,0.0000,0.1355,60886252187.9901
581.2,0.17435,1061.9608,0.7080,94128542517.3884,0.0000,0.1355,94128542517.5238
591.2,0.17735,1058.2008,0.7055,145520247971.7607,0.0000,0.1355,145520247971.8962
601.2,0.18036,1054.4724,0.7030,224970471266.4698,0.0000,0.1355,224970471266.6052
611.2,0.18337,1050.7750,0.7005,347798424255.5640,0.0000,0.1355,347798424255.6995
621.2,0.18637,1047.1078,0.6981,537687205052.6861,0.0000,0.1355,537687205052.8216
631.3,0.18938,1043.4701,0.6956,831250259676.0778,0.0000,0.1355,831250259676.2133
641.3,0.19238,1039.8611,0.6932,1285091011499.5999,0.0000,0.1355,1285091011499.7354
651.3,0.19539,1036.2802,0.6909,1986716862477.2671,0.0000,0.1355,1986716862477.4026
661.3,0.19840,1032.7267,0.6885,3071411951629.4688,0.0000,0.1355,3071411951629.6040
671.3,0.20140,1029.2001,0.6861,4748321995339.3428,0.0000,0.1355,4748321995339.4785
681.4,0.20441,1025.6997,0.6838,7340780763538.4053,0.0000,0.1355,7340780763538.5410
691.4,0.20741,1022.2249,0.6815,11348653749941.0293,0.0000,0.1355,11348653749941.1641
701.4,0.21042,1018.7752,0.6792,17544719844482.8398,0.0000,0.1355,17544719844482.9746
711.4,0.21343,1015.3501,0.6769,27123674860816.9062,0.0000,0.1355,27123674860817.0430
721.4,0.21643,1011.9490,0.6746,41932487065996.7734,0.0000,0.1355,41932487065996.9062
731.5,0.21944,1008.5714,0.6724,64826520763234.0156,0.0000,0.1355,64826520763234.1484
741.5,0.22244,1005.2169,0.6701,100220093972768.9531,0.0000,0.1355,100220093972769.0938
751.5,0.22545,1001.8850,0.6679,154937626108216.6562,0.0000,0.1355,154937626108216.7812
761.5,0.22846,998.5753,0.6657,239529489870285.0312,0.0000,0.1355,239529489870285.1562
771.5,0.23146,995.2872,0.6635,370306283623104.4375,0.0000,0.1355,370306283623104.5625
781.6,0.23447,992.0204,0.6613,572483762917934.6250,0.0000,0.1355,572483762917934.7500
791.6,0.23747,988.7745,0.6592,885044821810935.8750,0.0000,0.1355,885044821810936.0000
801.6,0.24048,985.5491,0.6570,1368255987946031.0000,0.0000,0.1355,1368255987946031.2500
811.6,0.24349,982.3437,0.6549,2115287726015441.2500,0.0000,0.1355,2115287726015441.5000
821.6,0.24649,979.1581,0.6528,3270179120902947.0000,0.0000,0.1355,3270179120902947.0000
831.7,0.24950,975.9919,0.6507,5055610804745710.0000,0.0000,0.1355,5055610804745710.0000
841.7,0.25251,972.8447,0.6486,7815841170805430.0000,0.0000,0.1355,7815841170805430.0000
851.7,0.25551,969.7161,0.6465,12083084629440526.0000,0.0000,0.1355,12083084629440526.0000
861.7,0.25852,966.6059,0.6444,18680130643849612.0000,0.0000,0.1355,18680130643849612.0000
871.7,0.26152,963.5138,0.6423,28878990056982160.0000,0.0000,0.1355,28878990056982160.0000
881.8,0.26453,960.4393,0.6403,44646158135187960.0000,0.0000,0.1355,44646158135187960.0000
891.8,0.26754,957.3823,0.6383,69021784774992872.0000,0.0000,0.1355,69021784774992872.0000
901.8,0.27054,954.3424,0.6362,106705861657797248.0000,0.0000,0.1355,106705861657797248.0000
911.8,0.27355,951.3193,0.6342,164964452154505440.0000,0.0000,0.1355,164964452154505440.0000
921.8,0.27655,948.3128,0.6322,255030698893642016.0000,0.0000,0.1355,255030698893642016.0000
931.9,0.27956,945.3226,0.6302,394270744567820672.0000,0.0000,0.1355,394270744567820672.0000
941.9,0.28257,942.3485,0.6282,609532188463672448.0000,0.0000,0.1355,609532188463672448.0000
951.9,0.28557,939.3901,0.6263,942320712079634688.0000,0.0000,0.1355,942320712079634688.0000
961.9,0.28858,936.4472,0.6243,1456803006010882304.0000,0.0000,0.1355,1456803006010882304.0000
971.9,0.29158,933.5197,0.6223,2252179084166221568.0000,0.0000,0.1355,2252179084166221568.0000
982.0,0.29459,930.6072,0.6204,3481809555737422336.0000,0.0000,0.1355,3481809555737422336.0000
992.0,0.29760,927.7095,0.6185,5382785883970929664.0000,0.0000,0.1355,5382785883970929664.0000
1002.0,0.30060,924.8264,0.6166,8321645227531731968.0000,0.0000,0.1355,8321645227531731968.0000
1012.0,0.30361,921.9577,0.6146,12865044381408024576.0000,0.0000,0.1355,12865044381408024576.0000
1022.0,0.30661,919.1031,0.6127,19889019828436750336.0000,0.0000,0.1355,19889019828436750336.0000
1032.1,0.30962,916.2625,0.6108,30747900901734719488.0000,0.0000,0.1355,30747900901734719488.0000
1042.1,0.31263,913.4357,0.6090,47535445085692559360.0000,0.0000,0.1355,47535445085692559360.0000
1052.1,0.31563,910.6224,0.6071,73488546314633486336.0000,0.0000,0.1355,73488546314633486336.0000
1062.1,0.31864,907.8225,0.6052,113611357371373469696.0000,0.0000,0.1355,113611357371373469696.0000
1072.1,0.32164,905.0358,0.6034,175640166679907172352.0000,0.0000,0.1355,175640166679907172352.0000
1082.2,0.32465,902.2620,0.6015,271535072418017247232.0000,0.0000,0.1355,271535072418017247232.0000
1092.2,0.32766,899.5011,0.5997,419786071413997174784.0000,0.0000,0.1355,419786071413997174784.0000
1102.2,0.33066,896.7528,0.5978,648978211852927631360.0000,0.0000,0.1355,648978211852927631360.0000
1112.2,0.33367,894.0170,0.5960,1003303225476587323392.0000,0.0000,0.1355,1003303225476587323392.0000
1122.2,0.33667,891.2935,0.5942,1551080365822636720128.0000,0.0000,0.1355,1551080365822636720128.0000
1132.3,0.33968,888.5821,0.5924,2397929399756152373248.0000,0.0000,0.1355,2397929399756152373248.0000
1142.3,0.34269,885.8826,0.5906,3707135705483057823744.0000,0.0000,0.1355,3707135705483057823744.0000
1152.3,0.34569,883.1950,0.5888,5731134177788885467136.0000,0.0000,0.1355,5731134177788885467136.0000
1162.3,0.34870,880.5191,0.5870,8860182516447730204672.0000,0.0000,0.1355,8860182516447730204672.0000
1172.3,0.35170,877.8546,0.5852,13697608848350682021888.0000,0.0000,0.1355,13697608848350682021888.0000
1182.4,0.35471,875.2015,0.5835,21176142569762874982400.0000,0.0000,0.1355,21176142569762874982400.0000
1192.4,0.35772,872.5597,0.5817,32737758765021124362240.0000,0.0000,0.1355,32737758765021124362240.0000
1202.4,0.36072,869.9289,0.5800,50611712941857848688640.0000,0.0000,0.1355,50611712941857848688640.0000
1212.4,0.36373,867.3090,0.5782,78244375410510376468480.0000,0.0000,0.1355,78244375410510376468480.0000
1222.4,0.36673,864.7000,0.5765,120963743914654166941696.0000,0.0000,0.1355,120963743914654166941696.0000
1232.5,0.36974,862.1016,0.5747,187006762659703217455104.0000,0.0000,0.1355,187006762659703217455104.0000
1242.5,0.37275,859.5138,0.5730,289107530477367220764672.0000,0.0000,0.1355,289107530477367220764672.0000
1252.5,0.37575,856.9363,0.5713,446952628824546587181056.0000,0.0000,0.1355,446952628824546587181056.0000
1262.5,0.37876,854.3692,0.5696,690976994211541714731008.0000,0.0000,0.1355,690976994211541714731008.0000
1272.5,0.38176,851.8122,0.5679,1068232237016454793265152.0000,0.0000,0.1355,1068232237016454793265152.0000
1282.6,0.38477,849.2653,0.5662,1651458907837076676280320.0000,0.0000,0.1355,1651458907837076676280320.0000
1292.6,0.38778,846.7283,0.5645,2553111982364222631706624.0000,0.0000,0.1355,2553111982364222631706624.0000
1302.6,0.39078,844.2012,0.5628,3947043891651487859736576.0000,0.0000,0.1355,3947043891651487859736576.0000
1312.6,0.39379,841.6837,0.5611,6102025915916455759577088.0000,0.0000,0.1355,6102025915916455759577088.0000
1322.6,0.39679,839.1758,0.5595,9433571376612274075598848.0000,0.0000,0.1355,9433571376612274075598848.0000
1332.7,0.39980,836.6774,0.5578,14584052926670445714866176.0000,0.0000,0.1355,14584052926670445714866176.0000
1342.7,0.40281,834.1884,0.5561,22546561771423553648852992.0000,0.0000,0.1355,22546561771423553648852992.0000
1352.7,0.40581,831.7086,0.5545,34856390762473342940217344.0000,0.0000,0.1355,34856390762473342940217344.0000
1362.7,0.40882,829.2381,0.5528,53887062218335876968087552.0000,0.0000,0.1355,53887062218335876968087552.0000
1372.7,0.41182,826.7765,0.5512,83307979139624807010664448.0000,0.0000,0.1355,83307979139624807010664448.0000
1382.8,0.41483,824.3240,0.5495,128791941936049683632750592.0000,0.0000,0.1355,128791941936049683632750592.0000
1392.8,0.41784,821.8803,0.5479,199108950654753568341360640.0000,0.0000,0.1355,199108950654753568341360640.0000
1402.8,0.42084,819.4454,0.5463,307817194421392124544024576.0000,0.0000,0.1355,307817194421392124544024576.0000
1412.8,0.42385,817.0192,0.5447,475877276585866224463773696.0000,0.0000,0.1355,475877276585866224463773696.0000
1422.8,0.42685,814.6015,0.5431,735693737955316201976496128.0000,0.0000,0.1355,735693737955316201976496128.0000
1432.9,0.42986,812.1924,0.5415,1137363145283506751565463552.0000,0.0000,0.1355,1137363145283506751565463552.0000
1442.9,0.43287,809.7917,0.5399,1758333471539974269927686144.0000,0.0000,0.1355,1758333471539974269927686144.0000
1452.9,0.43587,807.3992,0.5383,2718337243437872305284317184.0000,0.0000,0.1355,2718337243437872305284317184.0000
1462.9,0.43888,805.0151,0.5367,4202477794266040746949738496.0000,0.0000,0.1355,4202477794266040746949738496.0000
1472.9,0.44188,802.6390,0.5351,6496920002818878513010966528.0000,0.0000,0.1355,6496920002818878513010966528.0000
1483.0,0.44489,800.2711,0.5335,10044067235910638702937767936.0000,0.0000,0.1355,10044067235910638702937767936.0000
1493.0,0.44790,797.9111,0.5319,15527863448482772266508091392.0000,0.0000,0.1355,15527863448482772266508091392.0000
1503.0,0.45090,795.5591,0.5304,24005667984049544610942287872.0000,0.0000,0.1355,24005667984049544610942287872.0000
1513.0,0.45391,793.2148,0.5288,37112130543414355015363461120.0000,0.0000,0.1355,37112130543414355015363461120.0000
1523.0,0.45691,790.8783,0.5273,57374376517519791747351183360.0000,0.0000,0.1355,57374376517519791747351183360.0000
1533.1,0.45992,788.5495,0.5257,88699275212003911945875881984.0000,0.0000,0.1355,88699275212003911945875881984.0000
1543.1,0.46293,786.2283,0.5242,137126743690755048861002104832.0000,0.0000,0.1355,137126743690755048861002104832.0000
1553.1,0.46593,783.9146,0.5226,211994334680710748250161807360.0000,0.0000,0.1355,211994334680710748250161807360.0000
1563.1,0.46894,781.6084,0.5211,327737658804678010852643700736.0000,0.0000,0.1355,327737658804678010852643700736.0000
1573.1,0.47194,779.3095,0.5195,506673789941361103480347951104.0000,0.0000,0.1355,506673789941361103480347951104.0000
1583.2,0.47495,777.0180,0.5180,783304336614351180644713758720.0000,0.0000,0.1355,783304336614351180644713758720.0000
1593.2,0.47796,774.7337,0.5165,1210967877043449598531625549824.0000,0.0000,0.1355,1210967877043449598531625549824.0000
1603.2,0.48096,772.4565,0.5150,1872124448550169271216516366336.0000,0.0000,0.1355,1872124448550169271216516366336.0000
1613.2,0.48397,770.1865,0.5135,2894255097349350229506336489472.0000,0.0000,0.1355,2894255097349350229506336489472.0000
1623.2,0.48697,767.9235,0.5119,4474442163831512934407909408768.0000,0.0000,0.1355,4474442163831512934407909408768.0000
1633.3,0.48998,765.6675,0.5104,6917369756318067994155682889728.0000,0.0000,0.1355,6917369756318067994155682889728.0000
1643.3,0.49299,763.4184,0.5089,10694071482789419947010889351168.0000,0.0000,0.1355,10694071482789419947010889351168.0000
1653.3,0.49599,761.1761,0.5075,16532752897090883421614114865152.0000,0.0000,0.1355,16532752897090883421614114865152.0000
1663.3,0.49900,758.9406,0.5060,25559200609061561464469768372224.0000,0.0000,0.1355,25559200609061561464469768372224.0000
1673.3,0.50200,756.7119,0.5045,39513851071298889371125286961152.0000,0.0000,0.1355,39513851071298889371125286961152.0000
1683.4,0.50501,754.4898,0.5030,61087373207256327898118230114304.0000,0.0000,0.1355,61087373207256327898118230114304.0000
1693.4,0.50802,752.2743,0.5015,94439470317109553527972536778752.0000,0.0000,0.1355,94439470317109553527972536778752.0000
1703.4,0.51102,750.0654,0.5000,146000934162219807378565270339584.0000,0.0000,0.1355,146000934162219807378565270339584.0000
1713.4,0.51403,747.8629,0.4986,225713599458641840448690033000448.0000,0.0000,0.1355,225713599458641840448690033000448.0000
1723.4,0.51703,745.6669,0.4971,348947280871289411396922540818432.0000,0.0000,0.1355,348947280871289411396922540818432.0000
1733.5,0.52004,743.4772,0.4957,539463307126845412306176637403136.0000,0.0000,0.1355,539463307126845412306176637403136.0000
1743.5,0.52305,741.2939,0.4942,833996066711274386440632292868096.0000,0.0000,0.1355,833996066711274386440632292868096.0000
1753.5,0.52605,739.1168,0.4927,1289335956868537067702058924113920.0000,0.0000,0.1355,1289335956868537067702058924113920.0000
1763.5,0.52906,736.9460,0.4913,1993279436232181907576366592688128.0000,0.0000,0.1355,1993279436232181907576366592688128.0000
1773.5,0.53206,734.7813,0.4899,3081557517837306464500411816476672.0000,0.0000,0.1355,3081557517837306464500411816476672.0000
1783.6,0.53507,732.6227,0.4884,4764006773525370310558549322760192.0000,0.0000,0.1355,4764006773525370310558549322760192.0000
1793.6,0.53808,730.4701,0.4870,7365029017574698702387334600458240.0000,0.0000,0.1355,7365029017574698702387334600458240.0000
1803.6,0.54108,728.3236,0.4855,11386140912132966194542711056367616.0000,0.0000,0.1355,11386140912132966194542711056367616.0000
1813.6,0.54409,726.1830,0.4841,17602674010052971207044891144093696.0000,0.0000,0.1355,17602674010052971207044891144093696.0000
1823.6,0.54709,724.0484,0.4827,27213270474636119360882505618030592.0000,0.0000,0.1355,27213270474636119360882505618030592.0000
1833.7,0.55010,721.9195,0.4813,42070999525569990453044698821951488.0000,0.0000,0.1355,42070999525569990453044698821951488.0000
1843.7,0.55311,719.7965,0.4799,65040657378178571341337207450370048.0000,0.0000,0.1355,65040657378178571341337207450370048.0000
1853.7,0.55611,717.6793,0.4785,100551143540445770262295446269460480.0000,0.0000,0.1355,100551143540445770262295446269460480.0000
1863.7,0.55912,715.5678,0.4770,155449420022063705398480939056627712.0000,0.0000,0.1355,155449420022063705398480939056627712.0000
1873.7,0.56212,713.4619,0.4756,240320709783623630128858001024483328.0000,0.0000,0.1355,240320709783623630128858001024483328.0000
1883.8,0.56513,711.3617,0.4742,371529488773313899832358890958225408.0000,0.0000,0.1355,371529488773313899832358890958225408.0000
1893.8,0.56814,709.2670,0.4728,574374805868545931089179766253682688.0000,0.0000,0.1355,574374805868545931089179766253682688.0000
1903.8,0.57114,707.1779,0.4715,887968324414269778126494768492969984.0000,0.0000,0.1355,887968324414269778126494768492969984.0000
1913.8,0.57415,705.0942,0.4701,1372775645983927042877532719443607552.0000,0.0000,0.1355,1372775645983927042877532719443607552.0000
1923.8,0.57715,703.0161,0.4687,2122274998322343001293436828356968448.0000,0.0000,0.1355,2122274998322343001293436828356968448.0000
1933.9,0.58016,700.9433,0.4673,3280981259888234138705362675883311104.0000,0.0000,0.1355,3280981259888234138705362675883311104.0000
1943.9,0.58317,698.8758,0.4659,5072310627155800219013705558040510464.0000,0.0000,0.1355,5072310627155800219013705558040510464.0000
1953.9,0.58617,696.8138,0.4645,7841658656481850575286558626001453056.0000,0.0000,0.1355,7841658656481850575286558626001453056.0000
1963.9,0.58918,694.7569,0.4632,12122997782424427409439300527786557440.0000,0.0000,0.1355,12122997782424427409439300527786557440.0000
1973.9,0.59218,692.7054,0.4618,18741835327298491638844514232533254144.0000,0.0000,0.1355,18741835327298491638844514232533254144.0000
1984.0,0.59519,690.6590,0.4604,28974383872676702807030928015290793984.0000,0.0000,0.1355,28974383872676702807030928015290793984.0000
1994.0,0.59820,688.6178,0.4591,44793634462171856425045531450698366976.0000,0.0000,0.1355,44793634462171856425045531450698366976.0000
2004.0,0.60120,686.5817,0.4577,69249779292901651020911954867462864896.0000,0.0000,0.1355,69249779292901651020911954867462864896.0000
2014.0,0.60421,684.5507,0.4564,107058335178526486601955751030127853568.0000,0.0000,0.1355,107058335178526486601955751030127853568.0000
2024.0,0.60721,682.5247,0.4550,165509366935598192108215567137967702016.0000,0.0000,0.1355,165509366935598192108215567137967702016.0000
2034.1,0.61022,680.5037,0.4537,255873122795544832702502220079468380160.0000,0.0000,0.1355,255873122795544832702502220079468380160.0000
2044.1,0.61323,678.4878,0.4523,395573109735950188567856407716921606144.0000,0.0000,0.1355,395573109735950188567856407716921606144.0000
2054.1,0.61623,676.4767,0.4510,611545610717410018100297430096572055552.0000,0.0000,0.1355,611545610717410018100297430096572055552.0000
2064.1,0.61924,674.4706,0.4496,945433409862898732444872104873016950784.0000,0.0000,0.1355,945433409862898732444872104873016950784.0000
2074.1,0.62224,672.4693,0.4483,1461615154814717017782330464390638206976.0000,0.0000,0.1355,1461615154814717017782330464390638206976.0000
2084.2,0.62525,670.4728,0.4470,2259618539494860540815998845098523623424.0000,0.0000,0.1355,2259618539494860540815998845098523623424.0000
2094.2,0.62826,668.4811,0.4457,3493310757766658672639471826860093997056.0000,0.0000,0.1355,3493310757766658672639471826860093997056.0000
2104.2,0.63126,666.4942,0.4443,5400566439438030250894013610873675841536.0000,0.0000,0.1355,5400566439438030250894013610873675841536.0000
2114.2,0.63427,664.5121,0.4430,8349133498054674079304741450633359392768.0000,0.0000,0.1355,8349133498054674079304741450633359392768.0000
2124.2,0.63727,662.5346,0.4417,12907540523765751506556516967557137170432.0000,0.0000,0.1355,12907540523765751506556516967557137170432.0000
2134.3,0.64028,660.5617,0.4404,19954717745438534096740759788663779360768.0000,0.0000,0.1355,19954717745438534096740759788663779360768.0000
2144.3,0.64329,658.5935,0.4391,30849468151345131330570919324463329705984.0000,0.0000,0.1355,30849468151345131330570919324463329705984.0000
2154.3,0.64629,656.6299,0.4378,47692465378940533923683597001923699408896.0000,0.0000,0.1355,47692465378940533923683597001923699408896.0000
2164.3,0.64930,654.6709,0.4364,73731295553056827515483821889649977065472.0000,0.0000,0.1355,73731295553056827515483821889649977065472.0000
2174.3,0.65230,652.7164,0.4351,113986641301476298134805993332941214711808.0000,0.0000,0.1355,113986641301476298134805993332941214711808.0000
2184.4,0.65531,650.7663,0.4338,176220345753195008302581982520044972670976.0000,0.0000,0.1355,176220345753195008302581982520044972670976.0000
2194.4,0.65832,648.8208,0.4325,272432013987021239255330313374911621496832.0000,0.0000,0.1355,272432013987021239255330313374911621496832.0000
2204.4,0.66132,646.8797,0.4313,421172719459817385369120675551477627879424.0000,0.0000,0.1355,421172719459817385369120675551477627879424.0000
2214.4,0.66433,644.9429,0.4300,651121933216065657998935977870442960519168.0000,0.0000,0.1355,651121933216065657998935977870442960519168.0000
2224.4,0.66733,643.0106,0.4287,1006617362251738236665453519436864544571392.0000,0.0000,0.1355,1006617362251738236665453519436864544571392.0000
2234.5,0.67034,641.0826,0.4274,1556203934003300702062895388185963557552128.0000,0.0000,0.1355,1556203934003300702062895388185963557552128.0000
2244.5,0.67335,639.1590,0.4261,2405850301240450710438454237578898729598976.0000,0.0000,0.1355,2405850301240450710438454237578898729598976.0000
2254.5,0.67635,637.2396,0.4248,3719381210590629067049094623633023462014976.0000,0.0000,0.1355,3719381210590629067049094623633023462014976.0000
2264.5,0.67936,635.3245,0.4235,5750065406214820724113509052688137466150912.0000,0.0000,0.1355,5750065406214820724113509052688137466150912.0000
2274.5,0.68236,633.4136,0.4223,8889449697063717058139298109906715280408576.0000,0.0000,0.1355,8889449697063717058139298109906715280408576.0000
2284.6,0.68537,631.5069,0.4210,13742855138867175722026830331017258099277824.0000,0.0000,0.1355,13742855138867175722026830331017258099277824.0000
2294.6,0.68838,629.6044,0.4197,21246092143395010875610988457237186338619392.0000,0.0000,0.1355,21246092143395010875610988457237186338619392.0000
2304.6,0.69138,627.7060,0.4185,32845898963819413933480512355625735928414208.0000,0.0000,0.1355,32845898963819413933480512355625735928414208.0000
2314.6,0.69439,625.8118,0.4172,50778894841461843040980979671144363980750848.0000,0.0000,0.1355,50778894841461843040980979671144363980750848.0000
2324.6,0.69739,623.9216,0.4159,78502834224767154138595036919873855815680000.0000,0.0000,0.1355,78502834224767154138595036919873855815680000.0000
2334.7,0.70040,622.0356,0.4147,121363314435298177364872012230052793603325952.0000,0.0000,0.1355,121363314435298177364872012230052793603325952.0000
2344.7,0.70341,620.1535,0.4134,187624488162417545437585861598934668171804672.0000,0.0000,0.1355,187624488162417545437585861598934668171804672.0000
2354.7,0.70641,618.2755,0.4122,290062517837519518729931343385830567782121472.0000,0.0000,0.1355,290062517837519518729931343385830567782121472.0000
2364.7,0.70942,616.4015,0.4109,448429014134917050410858470090461022634639360.0000,0.0000,0.1355,448429014134917050410858470090461022634639360.0000
2374.7,0.71242,614.5315,0.4097,693259447022571872787642831864803099899068416.0000,0.0000,0.1355,693259447022571872787642831864803099899068416.0000
2384.8,0.71543,612.6654,0.4084,1071760848956702258939390982035069713166368768.0000,0.0000,0.1355,1071760848956702258939390982035069713166368768.0000
2394.8,0.71844,610.8032,0.4072,1656914048975004579069585143042669777029955584.0000,0.0000,0.1355,1656914048975004579069585143042669777029955584.0000
2404.8,0.72144,608.9449,0.4060,2561545486908984870145111240998697908765196288.0000,0.0000,0.1355,2561545486908984870145111240998697908765196288.0000
2414.8,0.72445,607.0904,0.4047,3960081867591656296955568121511034459252588544.0000,0.0000,0.1355,3960081867591656296955568121511034459252588544.0000
2424.8,0.72745,605.2398,0.4035,6122182283380793779469033183398422587390296064.0000,0.0000,0.1355,6122182283380793779469033183398422587390296064.0000
2434.9,0.73046,603.3931,0.4023,9464732589918906378764957210765315214137098240.0000,0.0000,0.1355,9464732589918906378764957210765315214137098240.0000
2444.9,0.73347,601.5501,0.4010,14632227341849827147896132199318570225362796544.0000,0.0000,0.1355,14632227341849827147896132199318570225362796544.0000
2454.9,0.73647,599.7109,0.3998,22621038148677175881181830672716009049337888768.0000,0.0000,0.1355,22621038148677175881181830672716009049337888768.0000
2464.9,0.73948,597.8754,0.3986,34971529280463073747729616869245348041426206720.0000,0.0000,0.1355,34971529280463073747729616869245348041426206720.0000
2474.9,0.74248,596.0437,0.3974,54065063335112775987558002435854259441788518400.0000,0.0000,0.1355,54065063335112775987558002435854259441788518400.0000
2485.0,0.74549,594.2157,0.3961,83583164178723008187147402236174423265514618880.0000,0.0000,0.1355,83583164178723008187147402236174423265514618880.0000
2495.0,0.74850,592.3913,0.3949,129217370759833848779478325026881900232554053632.0000,0.0000,0.1355,129217370759833848779478325026881900232554053632.0000
2505.0,0.75150,590.5707,0.3937,199766652413175764476637083848567263854441005056.0000,0.0000,0.1355,199766652413175764476637083848567263854441005056.0000
2515.0,0.75451,588.7536,0.3925,308833984020136512683706514565062510885034000384.0000,0.0000,0.1355,308833984020136512683706514565062510885034000384.0000
2525.1,0.75752,586.9402,0.3913,477449206529623816092762991765327372875793956864.0000,0.0000,0.1355,477449206529623816092762991765327372875793956864.0000
2535.1,0.76052,585.1304,0.3901,738123900253490716703002748879311707983432384512.0000,0.0000,0.1355,738123900253490716703002748879311707983432384512.0000
2545.1,0.76353,583.3241,0.3889,1141120112201163159189371490625635348279489200128.0000,0.0000,0.1355,1141120112201163159189371490625635348279489200128.0000
2555.1,0.76653,581.5214,0.3877,1764141643459539035436156296138269810877922279424.0000,0.0000,0.1355,1764141643459539035436156296138269810877922279424.0000
2565.1,0.76954,579.7222,0.3865,2727316524274391134950307089152939781766992887808.0000,0.0000,0.1355,2727316524274391134950307089152939781766992887808.0000
2575.2,0.77255,577.9265,0.3853,4216359525980912664062137086410358551754475307008.0000,0.0000,0.1355,4216359525980912664062137086410358551754475307008.0000
2585.2,0.77555,576.1344,0.3841,6518380794491678692390335229290954842681456459776.0000,0.0000,0.1355,6518380794491678692390335229290954842681456459776.0000
2595.2,0.77856,574.3457,0.3829,10077245054692783474782458075283176275553174945792.0000,0.0000,0.1355,10077245054692783474782458075283176275553174945792.0000
2605.2,0.78156,572.5604,0.3817,15579155482623545229428426039400240134570003922944.0000,0.0000,0.1355,15579155482623545229428426039400240134570003922944.0000
2615.2,0.78457,570.7786,0.3805,24084964118117464803225554929199159392141609795584.0000,0.0000,0.1355,24084964118117464803225554929199159392141609795584.0000
2625.3,0.78758,569.0002,0.3793,37234720278515531159760771487171699033949046046720.0000,0.0000,0.1355,37234720278515531159760771487171699033949046046720.0000
2635.3,0.79058,567.2251,0.3782,57563897019737004116249243411236045596793541492736.0000,0.0000,0.1355,57563897019737004116249243411236045596793541492736.0000
2645.3,0.79359,565.4535,0.3770,88992268917637132303859020433750207911417895452672.0000,0.0000,0.1355,88992268917637132303859020433750207911417895452672.0000
2655.3,0.79659,563.6852,0.3758,137579704244036784062728746365588703864423188529152.0000,0.0000,0.1355,137579704244036784062728746365588703864423188529152.0000
2665.3,0.79960,561.9202,0.3746,212694599767921768819265528653138844407114305110016.0000,0.0000,0.1355,212694599767921768819265528653138844407114305110016.0000
2675.4,0.80261,560.1586,0.3734,328820250188880998007904992900968672282939465138176.0000,0.0000,0.1355,328820250188880998007904992900968672282939465138176.0000
2685.4,0.80561,558.4002,0.3723,508347447712610860385572773658623766229405434642432.0000,0.0000,0.1355,508347447712610860385572773658623766229405434642432.0000
2695.4,0.80862,556.6451,0.3711,785891767454993810003244452715727133572085802074112.0000,0.0000,0.1355,785891767454993810003244452715727133572085802074112.0000
2705.4,0.81162,554.8933,0.3699,1214967976986219784843869380490948876290773181530112.0000,0.0000,0.1355,1214967976986219784843869380490948876290773181530112.0000
2715.4,0.81463,553.1447,0.3688,1878308497724029159485119446581245917343299875635200.0000,0.0000,0.1355,1878308497724029159485119446581245917343299875635200.0000
2725.5,0.81764,551.3994,0.3676,2903815474522760677117354890335276351065289922707456.0000,0.0000,0.1355,2903815474522760677117354890335276351065289922707456.0000
2735.5,0.82064,549.6572,0.3664,4489222255180693919600443626136447865239214758035456.0000,0.0000,0.1355,4489222255180693919600443626136447865239214758035456.0000
2745.5,0.82365,547.9183,0.3653,6940219388328063247956409042619372514007217915035648.0000,0.0000,0.1355,6940219388328063247956409042619372514007217915035648.0000
2755.5,0.82665,546.1825,0.3641,10729396412160349643310461918215852982939774267424768.0000,0.0000,0.1355,10729396412160349643310461918215852982939774267424768.0000
2765.5,0.82966,544.4498,0.3630,16587364307658559813312480815289217598259052343721984.0000,0.0000,0.1355,16587364307658559813312480815289217598259052343721984.0000
2775.6,0.83267,542.7203,0.3618,25643628411674439097123636527783720924177180284420096.0000,0.0000,0.1355,25643628411674439097123636527783720924177180284420096.0000
2785.6,0.83567,540.9939,0.3607,39644374230837653586973437598839591490976113724751872.0000,0.0000,0.1355,39644374230837653586973437598839591490976113724751872.0000
2795.6,0.83868,539.2706,0.3595,61289158574731901544301752057605188531098348605669376.0000,0.0000,0.1355,61289158574731901544301752057605188531098348605669376.0000
2805.6,0.84168,537.5504,0.3584,94751425181455773659018047785609198301577855228706816.0000,0.0000,0.1355,94751425181455773659018047785609198301577855228706816.0000
2815.6,0.84469,535.8333,0.3572,146483208167559365807782857462454291913068253668179968.0000,0.0000,0.1355,146483208167559365807782857462454291913068253668179968.0000
2825.7,0.84770,534.1192,0.3561,226459182370784209444894582971442831668584384812810240.0000,0.0000,0.1355,226459182370784209444894582971442831668584384812810240.0000
2835.7,0.85070,532.4082,0.3549,350099932419446804683314736854400086845313779324944384.0000,0.0000,0.1355,350099932419446804683314736854400086845313779324944384.0000
2845.7,0.85371,530.7002,0.3538,541245276066657802943329429759419853009468360646197248.0000,0.0000,0.1355,541245276066657802943329429759419853009468360646197248.0000
2855.7,0.85671,528.9952,0.3527,836750943766202833437694251320446417361964408724520960.0000,0.0000,0.1355,836750943766202833437694251320446417361964408724520960.0000
2865.7,0.85972,527.2931,0.3515,1293594924249172999783572774901757159178331326976622592.0000,0.0000,0.1355,1293594924249172999783572774901757159178331326976622592.0000
2875.8,0.86273,525.5941,0.3504,1999863687647944094335123204382240220728082828403671040.0000,0.0000,0.1355,1999863687647944094335123204382240220728082828403671040.0000
2885.8,0.86573,523.8980,0.3493,3091736597137774093294313324586627912209763312221552640.0000,0.0000,0.1355,3091736597137774093294313324586627912209763312221552640.0000
2895.8,0.86874,522.2048,0.3481,4779743362070484083630815623405473542480663968716161024.0000,0.0000,0.1355,4779743362070484083630815623405473542480663968716161024.0000
2905.8,0.87174,520.5146,0.3470,7389357369061619176224795779066298676575687755291426816.0000,0.0000,0.1355,7389357369061619176224795779066298676575687755291426816.0000
2915.8,0.87475,518.8273,0.3459,11423751902874180821143443060733019734140395847000522752.0000,0.0000,0.1355,11423751902874180821143443060733019734140395847000522752.0000
2925.9,0.87776,517.1429,0.3448,17660819611298916624430924387122235427212816076148572160.0000,0.0000,0.1355,17660819611298916624430924387122235427212816076148572160.0000
2935.9,0.88076,515.4614,0.3436,27303162042969004592851015985188988429143620917466759168.0000,0.0000,0.1355,27303162042969004592851015985188988429143620917466759168.0000
2945.9,0.88377,513.7827,0.3425,42209969523029251947890653507350518571007158294589472768.0000,0.0000,0.1355,42209969523029251947890653507350518571007158294589472768.0000
2955.9,0.88677,512.1069,0.3414,65255501334645552338285375545605246225035053877264646144.0000,0.0000,0.1355,65255501334645552338285375545605246225035053877264646144.0000
2965.9,0.88978,510.4339,0.3403,100883286639493593170834959577933854534004786860214190080.0000,0.0000,0.1355,100883286639493593170834959577933854534004786860214190080.0000
2976.0,0.89279,508.7637,0.3392,155962904506604633121118827282609757433945070076669460480.0000,0.0000,0.1355,155962904506604633121118827282609757433945070076669460480.0000
2986.0,0.89579,507.0964,0.3381,241114543274734174499093723281228837571098024167291748352.0000,0.0000,0.1355,241114543274734174499093723281228837571098024167291748352.0000
2996.0,0.89880,505.4318,0.3370,372756734445936023557992577976726781236749212257601191936.0000,0.0000,0.1355,372756734445936023557992577976726781236749212257601191936.0000
3006.0,0.90180,503.7701,0.3358,576272095360421263100207243818974757793207546540252463104.0000,0.0000,0.1355,576272095360421263100207243818974757793207546540252463104.0000
3016.0,0.90481,502.1111,0.3347,890901484005909209237059901177808521815155744903840923648.0000,0.0000,0.1355,890901484005909209237059901177808521815155744903840923648.0000
3026.1,0.90782,500.4548,0.3336,1377310233471428776513421888738847205231994952006963822592.0000,0.0000,0.1355,1377310233471428776513421888738847205231994952006963822592.0000
3036.1,0.91082,498.8013,0.3325,2129285351165141064979240513175689168666636616791238901760.0000,0.0000,0.1355,2129285351165141064979240513175689168666636616791238901760.0000
3046.1,0.91383,497.1505,0.3314,3291819080774032855356883234327195583091746074005971402752.0000,0.0000,0.1355,3291819080774032855356883234327195583091746074005971402752.0000
3056.1,0.91683,495.5025,0.3303,5089065612844477369818684135206700582641785865675592433664.0000,0.0000,0.1355,5089065612844477369818684135206700582641785865675592433664.0000
3066.1,0.91984,493.8571,0.3292,7867561423134810604559273512143084753654937243425917894656.0000,0.0000,0.1355,7867561423134810604559273512143084753654937243425917894656.0000
3076.2,0.92285,492.2144,0.3281,12163042777551856847572039905744742606486818768814465875968.0000,0.0000,0.1355,12163042777551856847572039905744742606486818768814465875968.0000
3086.2,0.92585,490.5744,0.3270,18803743835230029155687738409187017254623330540336682369024.0000,0.0000,0.1355,18803743835230029155687738409187017254623330540336682369024.0000
3096.2,0.92886,488.9370,0.3260,29070092795653969648634870794044385203684609531964897099776.0000,0.0000,0.1355,29070092795653969648634870794044385203684609531964897099776.0000
3106.2,0.93186,487.3023,0.3249,44941597936717205518583647252466474051289378865994107191296.0000,0.0000,0.1355,44941597936717205518583647252466474051289378865994107191296.0000
3116.2,0.93487,485.6703,0.3238,69478526928111499122513383055286057948751589843929455919104.0000,0.0000,0.1355,69478526928111499122513383055286057948751589843929455919104.0000
3126.3,0.93788,484.0408,0.3227,107411972998771521916404743588707512589063275030467944906752.0000,0.0000,0.1355,107411972998771521916404743588707512589063275030467944906752.0000
3136.3,0.94088,482.4140,0.3216,166056081693072530325263117006573503350912652576897934295040.0000,0.0000,0.1355,166056081693072530325263117006573503350912652576897934295040.0000
3146.3,0.94389,480.7897,0.3205,256718329413542502239879705348709211114244239121462767648768.0000,0.0000,0.1355,256718329413542502239879705348709211114244239121462767648768.0000
3156.3,0.94689,479.1681,0.3194,396879776909896931033290588063186879041128127744634735558656.0000,0.0000,0.1355,396879776909896931033290588063186879041128127744634735558656.0000
3166.3,0.94990,477.5490,0.3184,613565683758848762130760021393990298452835190920930327003136.0000,0.0000,0.1355,613565683758848762130760021393990298452835190920930327003136.0000
3176.4,0.95291,475.9325,0.3173,948556389588808499491636579658858957557069274964371395575808.0000,0.0000,0.1355,948556389588808499491636579658858957557069274964371395575808.0000
3186.4,0.95591,474.3185,0.3162,1466443199231119128201459775961443096157674223053893814714368.0000,0.0000,0.1355,1466443199231119128201459775961443096157674223053893814714368.0000
3196.4,0.95892,472.7071,0.3151,2267082569021969526962986705918561702677058911258482168561664.0000,0.0000,0.1355,2267082569021969526962986705918561702677058911258482168561664.0000
3206.4,0.96192,471.0981,0.3141,3504849950859275262100560357454364961981587477580358726189056.0000,0.0000,0.1355,3504849950859275262100560357454364961981587477580358726189056.0000
3216.4,0.96493,469.4917,0.3130,5418405728088822997757764008236666021221870471553251981393920.0000,0.0000,0.1355,5418405728088822997757764008236666021221870471553251981393920.0000
3226.5,0.96794,467.8878,0.3119,8376712568532936577542084661927253586975056341310008329240576.0000,0.0000,0.1355,8376712568532936577542084661927253586975056341310008329240576.0000
3236.5,0.97094,466.2864,0.3109,12950177040464582587148658434660472793011598831310444836159488.0000,0.0000,0.1355,12950177040464582587148658434660472793011598831310444836159488.0000
3246.5,0.97395,464.6875,0.3098,20020632677473803850300269330222710641783831292893253131567104.0000,0.0000,0.1355,20020632677473803850300269330222710641783831292893253131567104.0000
3256.5,0.97695,463.0910,0.3087,30951370900482484481643819785274284062455092973834769931436032.0000,0.0000,0.1355,30951370900482484481643819785274284062455092973834769931436032.0000
3266.5,0.97996,461.4970,0.3077,47850004345623892544826706758590089467213593065342817122910208.0000,0.0000,0.1355,47850004345623892544826706758590089467213593065342817122910208.0000
3276.6,0.98297,459.9054,0.3066,73974846646951051671248588976975347311331921948684527362637824.0000,0.0000,0.1355,73974846646951051671248588976975347311331921948684527362637824.0000
3286.6,0.98597,458.3163,0.3055,114363164879013146311727782416335032578176025870300971387584512.0000,0.0000,0.1355,114363164879013146311727782416335032578176025870300971387584512.0000
3296.6,0.98898,456.7295,0.3045,176802441288783769685494058067328977410526178737742756850958336.0000,0.0000,0.1355,176802441288783769685494058067328977410526178737742756850958336.0000
3306.6,0.99198,455.1452,0.3034,273331918356266993588564555767461247813279473400985854926651392.0000,0.0000,0.1355,273331918356266993588564555767461247813279473400985854926651392.0000
3316.6,0.99499,453.5633,0.3024,422563947916789644150855905354120494591464133504360509912121344.0000,0.0000,0.1355,422563947916789644150855905354120494591464133504360509912121344.0000
3326.7,0.99800,451.9838,0.3013,653272735774252922788813984020314371945752838853169475219357696.0000,0.0000,0.1355,653272735774252922788813984020314371945752838853169475219357696.0000
3336.7,1.00100,450.4066,0.3003,1009942446367967825567537933099882317805064681340494815302778880.0000,0.0000,0.1355,1009942446367967825567537933099882317805064681340494815302778880.0000
3346.7,1.00401,448.8319,0.2992,1561344426484832687782141328648107663286759985686120176975609856.0000,0.0000,0.1355,1561344426484832687782141328648107663286759985686120176975609856.0000
3356.7,1.00701,447.2594,0.2982,2413797367248449205013150382636180885225109252452198423059234816.0000,0.0000,0.1355,2413797367248449205013150382636180885225109252452198423059234816.0000
3366.7,1.01002,445.6893,0.2971,3731667165362725125833451838975414900362435685266743861748695040.0000,0.0000,0.1355,3731667165362725125833451838975414900362435685266743861748695040.0000
3376.8,1.01303,444.1216,0.2961,5769059168756549516077119899667252180627379014189543790777204736.0000,0.0000,0.1355,5769059168756549516077119899667252180627379014189543790777204736.0000
3386.8,1.01603,442.5562,0.2950,8918813553776216754168617936025853331203022507541660670135107584.0000,0.0000,0.1355,8918813553776216754168617936025853331203022507541660670135107584.0000
3396.8,1.01904,440.9931,0.2940,13788250888083028682582897243118444734443941011621730440726970368.0000,0.0000,0.1355,13788250888083028682582897243118444734443941011621730440726970368.0000
3406.8,1.02204,439.4322,0.2930,21316272776241449657230206555692251194313597492369186539918327808.0000,0.0000,0.1355,21316272776241449657230206555692251194313597492369186539918327808.0000
3416.8,1.02505,437.8737,0.2919,32954396374078819028600707310752551738701368610474887613396287488.0000,0.0000,0.1355,32954396374078819028600707310752551738701368610474887613396287488.0000
3426.9,1.02806,436.3175,0.2909,50946628980576196416276985664395043978943544982083171018199793664.0000,0.0000,0.1355,50946628980576196416276985664395043978943544982083171018199793664.0000
3436.9,1.03106,434.7635,0.2898,78762146786764400778689747802651691867845317145592872331819089920.0000,0.0000,0.1355,78762146786764400778689747802651691867845317145592872331819089920.0000
3446.9,1.03407,433.2119,0.2888,121764204827466531073415397441530059953921187219404317232799416320.0000,0.0000,0.1355,121764204827466531073415397441530059953921187219404317232799416320.0000
3456.9,1.03707,431.6624,0.2878,188244254151751310296309593026552824153452355230712861281337999360.0000,0.0000,0.1355,188244254151751310296309593026552824153452355230712861281337999360.0000
3466.9,1.04008,430.1152,0.2867,291020659736241396361212813028764908133159365490538332801451687936.0000,0.0000,0.1355,291020659736241396361212813028764908133159365490538332801451687936.0000
3477.0,1.04309,428.5703,0.2857,449910276278858074781002104330340147259268224866875390832314155008.0000,0.0000,0.1355,449910276278858074781002104330340147259268224866875390832314155008.0000
3487.0,1.04609,427.0275,0.2847,695549439289876500210892860028761839067536129918116141847046782976.0000,0.0000,0.1355,695549439289876500210892860028761839067536129918116141847046782976.0000
3497.0,1.04910,425.4870,0.2837,1075301116697777305938167678983662588092535020769570696059833810944.0000,0.0000,0.1355,1075301116697777305938167678983662588092535020769570696059833810944.0000
3507.0,1.05210,423.9487,0.2826,1662387209674106194356454333929489997881786339251704585386714988544.0000,0.0000,0.1355,1662387209674106194356454333929489997881786339251704585386714988544.0000
3517.0,1.05511,422.4126,0.2816,2570006849220871207159300415646589431760081500195138682966008397824.0000,0.0000,0.1355,2570006849220871207159300415646589431760081500195138682966008397824.0000
3527.1,1.05812,420.8786,0.2806,3973162910906197829216096005254263238642333299970526325113679249408.0000,0.0000,0.1355,3973162910906197829216096005254263238642333299970526325113679249408.0000
3537.1,1.06112,419.3469,0.2796,6142405231871787539723453183239764367303721198398760033241377275904.0000,0.0000,0.1355,6142405231871787539723453183239764367303721198398760033241377275904.0000
3547.1,1.06413,417.8173,0.2785,9495996735739620883126693382434772429397887889204543562344944369664.0000,0.0000,0.1355,9495996735739620883126693382434772429397887889204543562344944369664.0000
3557.1,1.06713,416.2899,0.2775,14680560887985581118820848823264055226813021787220202731747512680448.0000,0.0000,0.1355,14680560887985581118820848823264055226813021787220202731747512680448.0000
3567.1,1.07014,414.7646,0.2765,22695760538196255102653651312492798369356852016358679628225968078848.0000,0.0000,0.1355,22695760538196255102653651312492798369356852016358679628225968078848.0000
3577.2,1.07315,413.2414,0.2755,35087048126936769876302716041760076164661774366470855255693440581632.0000,0.0000,0.1355,35087048126936769876302716041760076164661774366470855255693440581632.0000
3587.2,1.07615,411.7204,0.2745,54243652429717330192981906689271334575734016731119961800396960169984.0000,0.0000,0.1355,54243652429717330192981906689271334575734016731119961800396960169984.0000
3597.2,1.07916,410.2016,0.2735,83859258216051353620238817803075492417511355342241815679798064709632.0000,0.0000,0.1355,83859258216051353620238817803075492417511355342241815679798064709632.0000
3607.2,1.08216,408.6848,0.2725,129644204870948129498292744230818303402855415197296081649255869054976.0000,0.0000,0.1355,129644204870948129498292744230818303402855415197296081649255869054976.0000
3617.2,1.08517,407.1701,0.2714,200426526708803787994633596045755296614950400224581834454267942928384.0000,0.0000,0.1355,200426526708803787994633596045755296614950400224581834454267942928384.0000
3627.3,1.08818,405.6576,0.2704,309854132304194392802686894335588259048513439699308258417933297909760.0000,0.0000,0.1355,309854132304194392802686894335588259048513439699308258417933297909760.0000
3637.3,1.09118,404.1471,0.2694,479026328912432736395860718506171406265492414457302396469004982026240.0000,0.0000,0.1355,479026328912432736395860718506171406265492414457302396469004982026240.0000
3647.3,1.09419,402.6387,0.2684,740562089925701866817941428357469504303380395607649039424708392517632.0000,0.0000,0.1355,740562089925701866817941428357469504303380395607649039424708392517632.0000
3657.3,1.09719,401.1323,0.2674,1144889489227656603480501444618755794745245075408948550985672936128512.0000,0.0000,0.1355,1144889489227656603480501444618755794745245075408948550985672936128512.0000
3667.3,1.10020,399.6281,0.2664,1769969001080510813949149462213035562006008302468833947253820199272448.0000,0.0000,0.1355,1769969001080510813949149462213035562006008302468833947253820199272448.0000
3677.4,1.10321,398.1259,0.2654,2736325465700266903643366174391022690414173381563539462991277165903872.0000,0.0000,0.1355,2736325465700266903643366174391022690414173381563539462991277165903872.0000
3687.4,1.10621,396.6257,0.2644,4230287112185734668104044263030741829205354272251939890249330421923840.0000,0.0000,0.1355,4230287112185734668104044263030741829205354272251939890249330421923840.0000
3697.4,1.10922,395.1276,0.2634,6539912475998373516227986362430442810346858790034017916877778922242048.0000,0.0000,0.1355,6539912475998373516227986362430442810346858790034017916877778922242048.0000
3707.4,1.11222,393.6315,0.2624,10110532467291617850773395203908276589050431665697726265886048637681664.0000,0.0000,0.1355,10110532467291617850773395203908276589050431665697726265886048637681664.0000
3717.4,1.11523,392.1374,0.2614,15630616945917574394753180679696017946908683339009286284017374005821440.0000,0.0000,0.1355,15630616945917574394753180679696017946908683339009286284017374005821440.0000
3727.5,1.11824,390.6453,0.2604,24164522185195983426262212244301673506511187288797951804609255002079232.0000,0.0000,0.1355,24164522185195983426262212244301673506511187288797951804609255002079232.0000
3737.5,1.12124,389.1552,0.2594,37357714955154457370613649149942317770420647919674609746289644816826368.0000,0.0000,0.1355,37357714955154457370613649149942317770420647919674609746289644816826368.0000
3747.5,1.12425,387.6672,0.2584,57754043550904655587732472773229832498453330700437299664122237054615552.0000,0.0000,0.1355,57754043550904655587732472773229832498453330700437299664122237054615552.0000
3757.5,1.12725,386.1811,0.2575,89286230447547095123249945580625830001502006006726489110456857364791296.0000,0.0000,0.1355,89286230447547095123249945580625830001502006006726489110456857364791296.0000
3767.5,1.13026,384.6970,0.2565,138034161028159985272531502643692158807430296097503990000302513838882816.0000,0.0000,0.1355,138034161028159985272531502643692158807430296097503990000302513838882816.0000
3777.6,1.13327,383.2148,0.2555,213397177988612288893462987951271255702600075291451130867910867068911616.0000,0.0000,0.1355,213397177988612288893462987951271255702600075291451130867910867068911616.0000
3787.6,1.13627,381.7347,0.2545,329906417616529786745775453466797117840360924421740549879205890355101696.0000,0.0000,0.1355,329906417616529786745775453466797117840360924421740549879205890355101696.0000
3797.6,1.13928,380.2565,0.2535,510026633952878652201985814835054819434997754877274704150416799672827904.0000,0.0000,0.1355,510026633952878652201985814835054819434997754877274704150416799672827904.0000
3807.6,1.14228,378.7802,0.2525,788487745163085749918029504301354984454388802846023910983710230387359744.0000,0.0000,0.1355,788487745163085749918029504301354984454388802846023910983710230387359744.0000
3817.6,1.14529,377.3059,0.2515,1218981290161098967793679344318839144014447039124162863613544757299511296.0000,0.0000,0.1355,1218981290161098967793679344318839144014447039124162863613544757299511296.0000
3827.7,1.14830,375.8335,0.2506,1884512974206641734982648185315414774542750226470854151170955459640164352.0000,0.0000,0.1355,1884512974206641734982648185315414774542750226470854151170955459640164352.0000
3837.7,1.15130,374.3630,0.2496,2913407431777492043739470506901708743172788609833554799042995040693518336.0000,0.0000,0.1355,2913407431777492043739470506901708743172788609833554799042995040693518336.0000
3847.7,1.15431,372.8945,0.2486,4504051168504101403900130841792972602499575988320221152283478454609903616.0000,0.0000,0.1355,4504051168504101403900130841792972602499575988320221152283478454609903616.0000
3857.7,1.15731,371.4279,0.2476,6963144497824941819054887239247566555455479709422626789144844477944299520.0000,0.0000,0.1355,6963144497824941819054887239247566555455479709422626789144844477944299520.0000
3867.7,1.16032,369.9631,0.2466,10764838027737784233454091347274594608342486377622092408641743640504303616.0000,0.0000,0.1355,10764838027737784233454091347274594608342486377622092408641743640504303616.0000
3877.8,1.16333,368.5003,0.2457,16642156112029642669054751511295300557780556021119356567443391733909422080.0000,0.0000,0.1355,16642156112029642669054751511295300557780556021119356567443391733909422080.0000
3887.8,1.16633,367.0394,0.2447,25728335098357666842776696212052560930083137476026439551918396662133817344.0000,0.0000,0.1355,25728335098357666842776696212052560930083137476026439551918396662133817344.0000
3897.8,1.16934,365.5803,0.2437,39775328537799472365531741128948383075215883577195509594494559096089346048.0000,0.0000,0.1355,39775328537799472365531741128948383075215883577195509594494559096089346048.0000
3907.8,1.17234,364.1231,0.2427,61491610484776741907089091062233870930960151243421581978247162734336540672.0000,0.0000,0.1355,61491610484776741907089091062233870930960151243421581978247162734336540672.0000
3917.8,1.17535,362.6678,0.2418,95064410503058792045088508104211422721676487383660718384324228062998691840.0000,0.0000,0.1355,95064410503058792045088508104211422721676487383660718384324228062998691840.0000
3927.9,1.17836,361.2143,0.2408,146967075232667574719208029016786963840036519792395393087759060816298508288.0000,0.0000,0.1355,146967075232667574719208029016786963840036519792395393087759060816298508288.0000
3937.9,1.18136,359.7627,0.2398,227207228111409854041512059393293427537344200718648808737409387143905673216.0000,0.0000,0.1355,227207228111409854041512059393293427537344200718648808737409387143905673216.0000
3947.9,1.18437,358.3130,0.2389,351256391435583713244658621616414177762752356173837532438357007112475770880.0000,0.0000,0.1355,351256391435583713244658621616414177762752356173837532438357007112475770880.0000
3957.9,1.18737,356.8650,0.2379,543033131251639846700343599628643863087254737366331996198584963985584422912.0000,0.0000,0.1355,543033131251639846700343599628643863087254737366331996198584963985584422912.0000
3967.9,1.19038,355.4189,0.2369,839514920801227680792710524558622152744506451992087956406992286642656509952.0000,0.0000,0.1355,839514920801227680792710524558622152744506451992087956406992286642656509952.0000
3978.0,1.19339,353.9747,0.2360,1297867959959364650506065109029084364025256719691807161486369297955645554688.0000,0.0000,0.1355,1297867959959364650506065109029084364025256719691807161486369297955645554688.0000
3988.0,1.19639,352.5322,0.2350,2006469688330727806320000284200710387060212882586577259766708080701377347584.0000,0.0000,0.1355,2006469688330727806320000284200710387060212882586577259766708080701377347584.0000
3998.0,1.19940,351.0916,0.2341,3101949300232402769356648936228023406824372383493447009522989717708909576192.0000,0.0000,0.1355,3101949300232402769356648936228023406824372383493447009522989717708909576192.0000
4008.0,1.20240,349.6528,0.2331,4795531932115590634008676303936374327628967893339546821331202381623882416128.0000,0.0000,0.1355,4795531932115590634008676303936374327628967893339546821331202381623882416128.0000
4018.0,1.20541,348.2157,0.2321,7413766082578448219239625521401244675180024217643983955988694843864874221568.0000,0.0000,0.1355,7413766082578448219239625521401244675180024217643983955988694843864874221568.0000
4028.1,1.20842,346.7805,0.2312,11461487131198049508730201754976736971954211535822292425135494287916749815808.0000,0.0000,0.1355,11461487131198049508730201754976736971954211535822292425135494287916749815808.0000
4038.1,1.21142,345.3470,0.2302,17719157280577001329808843646600550887720771731244947670267055982911491670016.0000,0.0000,0.1355,17719157280577001329808843646600550887720771731244947670267055982911491670016.0000
4048.1,1.21443,343.9153,0.2293,27393350543422482963742431492751582274319253852062228787536139158295666491392.0000,0.0000,0.1355,27393350543422482963742431492751582274319253852062228787536139158295666491392.0000
4058.1,1.21743,342.4854,0.2283,42349398569725202784383660178539827441744252021415241556324559208730771587072.0000,0.0000,0.1355,42349398569725202784383660178539827441744252021415241556324559208730771587072.0000
4068.1,1.22044,341.0573,0.2274,65471054969145817180571725129817007192974122918521331413085442645000772911104.0000,0.0000,0.1355,65471054969145817180571725129817007192974122918521331413085442645000772911104.0000
4078.2,1.22345,339.6309,0.2264,101216526882080862879676943922691991898932960455536616293589913075993035145216.0000,0.0000,0.1355,101216526882080862879676943922691991898932960455536616293589913075993035145216.0000
4088.2,1.22645,338.2062,0.2255,156478085146170074977720947325172168411256664617565463135132644829273622839296.0000,0.0000,0.1355,156478085146170074977720947325172168411256664617565463135132644829273622839296.0000
4098.2,1.22946,336.7833,0.2245,241910998976856721826129572894766518099358415278400837983220725758217462743040.0000,0.0000,0.1355,241910998976856721826129572894766518099358415278400837983220725758217462743040.0000
4108.2,1.23246,335.3622,0.2236,373988033987740638799068912681020012668772044909902533167508871047769009160192.0000,0.0000,0.1355,373988033987740638799068912681020012668772044909902533167508871047769009160192.0000
4118.2,1.23547,333.9428,0.2226,578175652027266310692058349327274844326644910430725589318662710878413776748544.0000,0.0000,0.1355,578175652027266310692058349327274844326644910430725589318662710878413776748544.0000
4128.3,1.23848,332.5251,0.2217,893844332484987882443026042574910535024419313227797654273485624262918521487360.0000,0.0000,0.1355,893844332484987882443026042574910535024419313227797654273485624262918521487360.0000
4138.3,1.24148,331.1091,0.2207,1381859799723766433079274171424280785043335427744258927869611262236576815513600.0000,0.0000,0.1355,1381859799723766433079274171424280785043335427744258927869611262236576815513600.0000
4148.3,1.24449,329.6948,0.2198,2136318860784049257801679298129271135804100113497168417327310237943353625804800.0000,0.0000,0.1355,2136318860784049257801679298129271135804100113497168417327310237943353625804800.0000
4158.3,1.24749,328.2823,0.2189,3302692701426079042698404363871578475240644863156303955324284455063679244697600.0000,0.0000,0.1355,3302692701426079042698404363871578475240644863156303955324284455063679244697600.0000
4168.3,1.25050,326.8714,0.2179,5105875944029030940316142606812549673836512082557714607096262509850955528273920.0000,0.0000,0.1355,5105875944029030940316142606812549673836512082557714607096262509850955528273920.0000
4178.4,1.25351,325.4622,0.2170,7893549752466606938515202019552030619015996101785578541053318472043627735416832.0000,0.0000,0.1355,7893549752466606938515202019552030619015996101785578541053318472043627735416832.0000
4188.4,1.25651,324.0548,0.2160,12203220050328268569539885374131758342976881041175768538198306054067726783086592.0000,0.0000,0.1355,12203220050328268569539885374131758342976881041175768538198306054067726783086592.0000
4198.4,1.25952,322.6490,0.2151,18865856840921916417990657879524517771284535489942008590255607220641040779182080.0000,0.0000,0.1355,18865856840921916417990657879524517771284535489942008590255607220641040779182080.0000
4208.4,1.26253,321.2448,0.2142,29166117866784366659916898468614736149350896016114595853870380008175520828096512.0000,0.0000,0.1355,29166117866784366659916898468614736149350896016114595853870380008175520828096512.0000
4218.4,1.26553,319.8424,0.2132,45090050167981919743426745483572085890990517821018621068578826990348665419202560.0000,0.0000,0.1355,45090050167981919743426745483572085890990517821018621068578826990348665419202560.0000
4228.5,1.26854,318.4416,0.2123,69708030168340653125345880651461947632039888645196873783616715510953010029133824.0000,0.0000,0.1355,69708030168340653125345880651461947632039888645196873783616715510953010029133824.0000
4238.5,1.27154,317.0425,0.2114,107766778964478462190526292944542588493224221395955139756906424821066083499769856.0000,0.0000,0.1355,107766778964478462190526292944542588493224221395955139756906424821066083499769856.0000
4248.5,1.27455,315.6450,0.2104,166604602372659791054334215963547959762209496764747561865228639986001417764601856.0000,0.0000,0.1355,166604602372659791054334215963547959762209496764747561865228639986001417764601856.0000
4258.5,1.27756,314.2492,0.2095,257566327939562757196698600538205644281746459322884109906690836156514293732343808.0000,0.0000,0.1355,257566327939562757196698600538205644281746459322884109906690836156514293732343808.0000
4268.5,1.28056,312.8550,0.2086,398190760300119543728088175269203669441513692158001395342939500733753656726257664.0000,0.0000,0.1355,398190760300119543728088175269203669441513692158001395342939500733753656726257664.0000
4278.6,1.28357,311.4625,0.2076,615592429557005034359699305302791268049189906895327826694460998626020210862194688.0000,0.0000,0.1355,615592429557005034359699305302791268049189906895327826694460998626020210862194688.0000
4288.6,1.28657,310.0716,0.2067,951689685220884638023923407567162630928356272582997160122724516345481886546526208.0000,0.0000,0.1355,951689685220884638023923407567162630928356272582997160122724516345481886546526208.0000
4298.6,1.28958,308.6823,0.2058,1471287191766840038959895907987086036374384830129150144940287930688072779560910848.0000,0.0000,0.1355,1471287191766840038959895907987086036374384830129150144940287930688072779560910848.0000
4308.6,1.29259,307.2946,0.2049,2274571253921441388256015937073699316390278504870812923961642237407145122290728960.0000,0.0000,0.1355,2274571253921441388256015937073699316390278504870812923961642237407145122290728960.0000
4318.6,1.29559,305.9085,0.2039,3516427260508694835485556220828166283837348852443449656981861317603566974949916672.0000,0.0000,0.1355,3516427260508694835485556220828166283837348852443449656981861317603566974949916672.0000
4328.7,1.29860,304.5241,0.2030,5436303943932371899740086237611724658049225438592479444182612343451746867479576576.0000,0.0000,0.1355,5436303943932371899740086237611724658049225438592479444182612343451746867479576576.0000
4338.7,1.30160,303.1412,0.2021,8404382738899662552162466729104455645410351254320507333377917525324703181047857152.0000,0.0000,0.1355,8404382738899662552162466729104455645410351254320507333377917525324703181047857152.0000
4348.7,1.30461,301.7600,0.2012,12992954395191792665637637223941385608333637658864188784256085794491273380574003200.0000,0.0000,0.1355,12992954395191792665637637223941385608333637658864188784256085794491273380574003200.0000
4358.7,1.30762,300.3803,0.2003,20086765341392716992597358376887633729511748490501771981924458864639450553155321856.0000,0.0000,0.1355,20086765341392716992597358376887633729511748490501771981924458864639450553155321856.0000
4368.7,1.31062,299.0022,0.1993,31053610257376483160662566532083507654697300903166216381590172403118714672367271936.0000,0.0000,0.1355,31053610257376483160662566532083507654697300903166216381590172403118714672367271936.0000
4378.8,1.31363,297.6257,0.1984,48008063699033512959562241185412207265845813063227454190847830390023462065568481280.0000,0.0000,0.1355,48008063699033512959562241185412207265845813063227454190847830390023462065568481280.0000
4388.8,1.31663,296.2508,0.1975,74219202245024540667501404182870012288325721096197869407449757937498137434670497792.0000,0.0000,0.1355,74219202245024540667501404182870012288325721096197869407449757937498137434670497792.0000
4398.8,1.31964,294.8774,0.1966,114740932198828738431734258613996040340940755830321328008290113626742500433206444032.0000,0.0000,0.1355,114740932198828738431734258613996040340940755830321328008290113626742500433206444032.0000
4408.8,1.32265,293.5056,0.1957,177386459617183060617946382745128118680813358529425314343584460757104004485777195008.0000,0.0000,0.1355,177386459617183060617946382745128118680813358529425314343584460757104004485777195008.0000
4418.8,1.32565,292.1354,0.1948,274234795312540053075883889379703930583520738857064183632287215027987491834283687936.0000,0.0000,0.1355,274234795312540053075883889379703930583520738857064183632287215027987491834283687936.0000
4428.9,1.32866,290.7667,0.1938,423959771915026665772044498663178762972689263477643440233707840733709892640583974912.0000,0.0000,0.1355,423959771915026665772044498663178762972689263477643440233707840733709892640583974912.0000
4438.9,1.33166,289.3996,0.1929,655430642918208404025784068179619294989822377798500524374953298816777407544673959936.0000,0.0000,0.1355,655430642918208404025784068179619294989822377798500524374953298816777407544673959936.0000
4448.9,1.33467,288.0340,0.1920,1013278513986647056482181663177233426775639089462546178972478302398091537354384736256.0000,0.0000,0.1355,1013278513986647056482181663177233426775639089462546178972478302398091537354384736256.0000
4458.9,1.33768,286.6699,0.1911,1566501899172180627846652460238656453419433756224992365650498634619277953152499843072.0000,0.0000,0.1355,1566501899172180627846652460238656453419433756224992365650498634619277953152499843072.0000
4468.9,1.34068,285.3074,0.1902,2421770684207349931288583374649337320556757815865033266932793957258212826054343524352.0000,0.0000,0.1355,2421770684207349931288583374649337320556757815865033266932793957258212826054343524352.0000
4479.0,1.34369,283.9464,0.1893,3743993703413521909594748550004028281845254029624949275343829792351902560726074523648.0000,0.0000,0.1355,3743993703413521909594748550004028281845254029624949275343829792351902560726074523648.0000
4489.0,1.34669,282.5869,0.1884,5788115671978932069869631940140562353942849632901134155146814940617078778638547025920.0000,0.0000,0.1355,5788115671978932069869631940140562353942849632901134155146814940617078778638547025920.0000
4499.0,1.34970,281.2290,0.1875,8948274405927537677561941906957436458555981025575427492586247558167384322745254805504.0000,0.0000,0.1355,8948274405927537677561941906957436458555981025575427492586247558167384322745254805504.0000
4509.0,1.35271,279.8725,0.1866,13833796589694613004559257412966877768445249246886553276704500630332268479769737166848.0000,0.0000,0.1355,13833796589694613004559257412966877768445249246886553276704500630332268479769737166848.0000
4519.0,1.35571,278.5176,0.1857,21386685231542574251885289850973591827446653987895999194600873971331102394351964127232.0000,0.0000,0.1355,21386685231542574251885289850973591827446653987895999194600873971331102394351964127232.0000
4529.1,1.35872,277.1641,0.1848,33063252175749345334324050481529090737787697599285507193571145910746724798008941084672.0000,0.0000,0.1355,33063252175749345334324050481529090737787697599285507193571145910746724798008941084672.0000
4539.1,1.36172,275.8122,0.1839,51114917183371437470048387628910355745501401066203571868646482251694021236643466313728.0000,0.0000,0.1355,51114917183371437470048387628910355745501401066203571868646482251694021236643466313728.0000
4549.1,1.36473,274.4617,0.1830,79022315916626200268987976815053065438927681197142379502819526726113508968241374953472.0000,0.0000,0.1355,79022315916626200268987976815053065438927681197142379502819526726113508968241374953472.0000
4559.1,1.36774,273.1127,0.1821,122166419450989875300167968127323560327903485412997452709070188844036977330036978745344.0000,0.0000,0.1355,122166419450989875300167968127323560327903485412997452709070188844036977330036978745344.0000
4569.1,1.37074,271.7653,0.1812,188866067367887911178046339206656076254691932280386388837499481485672054873510876545024.0000,0.0000,0.1355,188866067367887911178046339206656076254691932280386388837499481485672054873510876545024.0000
4579.2,1.37375,270.4192,0.1803,291981966593714066368479369503458977620051871901874202496100191065108773188680342831104.0000,0.0000,0.1355,291981966593714066368479369503458977620051871901874202496100191065108773188680342831104.0000
4589.2,1.37675,269.0747,0.1794,451396431365631206784308191839406986576876779361717318987001725995035677120256794427392.0000,0.0000,0.1355,451396431365631206784308191839406986576876779361717318987001725995035677120256794427392.0000
4599.2,1.37976,267.7316,0.1785,697846995918009524878339073142818167252217700797388539817975229136596595096044861128704.0000,0.0000,0.1355,697846995918009524878339073142818167252217700797388539817975229136596595096044861128704.0000
4609.2,1.38277,266.3900,0.1776,1078853078741463856574969287981319688600589464407318823830277311794538969072331162386432.0000,0.0000,0.1355,1078853078741463856574969287981319688600589464407318823830277311794538969072331162386432.0000
4619.2,1.38577,265.0499,0.1767,1667878449457066576750425511488455726113660946551581811330082480077345081597896513552384.0000,0.0000,0.1355,1667878449457066576750425511488455726113660946551581811330082480077345081597896513552384.0000
4629.3,1.38878,263.7112,0.1758,2578496161320239901489778532633561670830558168784285470202603810188259984836506811367424.0000,0.0000,0.1355,2578496161320239901489778532633561670830558168784285470202603810188259984836506811367424.0000
4639.3,1.39178,262.3739,0.1749,3986287163856163223146108354185315478542728572898028211976725864532912802442529428471808.0000,0.0000,0.1355,3986287163856163223146108354185315478542728572898028211976725864532912802442529428471808.0000
4649.3,1.39479,261.0381,0.1740,6162694981321273346669642484571347394110179901790842753933324820113418692418885702909952.0000,0.0000,0.1355,6162694981321273346669642484571347394110179901790842753933324820113418692418885702909952.0000
4659.3,1.39780,259.7037,0.1731,9527364154082502947114369504288914430761047417806487478856516882322737722464964737761280.0000,0.0000,0.1355,9527364154082502947114369504288914430761047417806487478856516882322737722464964737761280.0000
4669.3,1.40080,258.3708,0.1722,14729054090721053357263211052604375730772594886706501250245074967292255989347026026364928.0000,0.0000,0.1355,14729054090721053357263211052604375730772594886706501250245074967292255989347026026364928.0000
4679.4,1.40381,257.0393,0.1714,22770729752617359713407388079415378331950369145339063037374016683174930088726147549364224.0000,0.0000,0.1355,22770729752617359713407388079415378331950369145339063037374016683174930088726147549364224.0000
4689.4,1.40681,255.7092,0.1705,35202948558209164825059093581459556420181914948714304047794240026018038454666539965612032.0000,0.0000,0.1355,35202948558209164825059093581459556420181914948714304047794240026018038454666539965612032.0000
4699.4,1.40982,254.3806,0.1696,54422831444366705965336756420592496163205900515147620490332531391803091307966631623262208.0000,0.0000,0.1355,54422831444366705965336756420592496163205900515147620490332531391803091307966631623262208.0000
4709.4,1.41283,253.0533,0.1687,84136264254241328337077722849286145324066647420635591462221562957696942760481870378434560.0000,0.0000,0.1355,84136264254241328337077722849286145324066647420635591462221562957696942760481870378434560.0000
4719.4,1.41583,251.7275,0.1678,130072448911370675873764856751940486512098625419266353871926792492820670320965560920178688.0000,0.0000,0.1355,130072448911370675873764856751940486512098625419266353871926792492820670320965560920178688.0000
4729.5,1.41884,250.4030,0.1669,201088580718019380252993276732193000438219085979335311566915646013511383676572590927773696.0000,0.0000,0.1355,201088580718019380252993276732193000438219085979335311566915646013511383676572590927773696.0000
4739.5,1.42184,249.0800,0.1661,310877650368049652925052280805721951022495338767629594839431770224709228598724861666263040.0000,0.0000,0.1355,310877650368049652925052280805721951022495338767629594839431770224709228598724861666263040.0000
4749.5,1.42485,247.7584,0.1652,480608660886055760479269645815882570981410172476060047434692052999976057011736013466238976.0000,0.0000,0.1355,480608660886055760479269645815882570981410172476060047434692052999976057011736013466238976.0000
4759.5,1.42786,246.4382,0.1643,743008333488186711726907767649700261198275102544829892817605511110299501016904840389853184.0000,0.0000,0.1355,743008333488186711726907767649700261198275102544829892817605511110299501016904840389853184.0000
4769.5,1.43086,245.1193,0.1634,1148671317356391257015620896849418932599918499761671101506312276292041310766710326778920960.0000,0.0000,0.1355,1148671317356391257015620896849418932599918499761671101506312276292041310766710326778920960.0000
4779.6,1.43387,243.8019,0.1625,1775815607777712747544700645105169328631100620124139029182831431745936569075532416268894208.0000,0.0000,0.1355,1775815607777712747544700645105169328631100620124139029182831431745936569075532416268894208.0000
4789.6,1.43687,242.4858,0.1617,2745364165690744222606505534611456899115295542963559238638239526589989232976697164115738624.0000,0.0000,0.1355,2745364165690744222606505534611456899115295542963559238638239526589989232976697164115738624.0000
4799.6,1.43988,241.1711,0.1608,4244260704347895773872589623716784091846273821102774463206620192601925600373514125692633088.0000,0.0000,0.1355,4244260704347895773872589623716784091846273821102774463206620192601925600373514125692633088.0000
4809.6,1.44289,239.8577,0.1599,6561515281503788975060312676165572751394783028806233913136790942826683002633305602551447552.0000,0.0000,0.1355,6561515281503788975060312676165572751394783028806233913136790942826683002633305602551447552.0000
4819.6,1.44589,238.5458,0.1590,10143929835719511784322745066686551358730568040963263336100677530748842729821588400543629312.0000,0.0000,0.1355,10143929835719511784322745066686551358730568040963263336100677530748842729821588400543629312.0000
4829.7,1.44890,237.2352,0.1582,15682248398028218796712972244072847157532499673558988528994191582721132732354037190525714432.0000,0.0000,0.1355,15682248398028218796712972244072847157532499673558988528994191582721132732354037190525714432.0000
4839.7,1.45190,235.9259,0.1573,24244343050507164644247340963972817757393782410221940580352531447494662774835458815190630400.0000,0.0000,0.1355,24244343050507164644247340963972817757393782410221940580352531447494662774835458815190630400.0000
4849.7,1.45491,234.6180,0.1564,37481115910942738663202084839166325817522394263749113905041991271233322224336018117744394240.0000,0.0000,0.1355,37481115910942738663202084839166325817522394263749113905041991271233322224336018117744394240.0000
4859.7,1.45792,233.3115,0.1555,57944818178938349340034377809268935422156040212455089318331883702637812542126580653004685312.0000,0.0000,0.1355,57944818178938349340034377809268935422156040212455089318331883702637812542126580653004685312.0000
4869.7,1.46092,232.0063,0.1547,89581162998673060361420493155277434509561991381752576134641961007606814316040673279254462464.0000,0.0000,0.1355,89581162998673060361420493155277434509561991381752576134641961007606814316040673279254462464.0000
4879.8,1.46393,230.7025,0.1538,138490118985508539856503802347273053813847352012674148743305719061061817237938374677503148032.0000,0.0000,0.1355,138490118985508539856503802347273053813847352012674148743305719061061817237938374677503148032.0000
4889.8,1.46693,229.3999,0.1529,214102076983577639256121042953640058291192937121262277782089818478572267293761110513729667072.0000,0.0000,0.1355,214102076983577639256121042953640058291192937121262277782089818478572267293761110513729667072.0000
4899.8,1.46994,228.0988,0.1521,330996172900102132206025905162795177409360639821436239109498565370367676370572755826875826176.0000,0.0000,0.1355,330996172900102132206025905162795177409360639821436239109498565370367676370572755826875826176.0000
4909.8,1.47295,226.7989,0.1512,511711366923908088503598394302022765183077064332604762992564245160460082576400071739066810368.0000,0.0000,0.1355,511711366923908088503598394302022765183077064332604762992564245160460082576400071739066810368.0000
4919.8,1.47595,225.5004,0.1503,791092297970913512846798394777698991959543387901428717736818968079723576484830029038682636288.0000,0.0000,0.1355,791092297970913512846798394777698991959543387901428717736818968079723576484830029038682636288.0000
4929.9,1.47896,224.2032,0.1495,1223007860214285903408643925338076539908804949542203631778591420072528546719653824193194098688.0000,0.0000,0.1355,1223007860214285903408643925338076539908804949542203631778591420072528546719653824193194098688.0000
4939.9,1.48196,222.9073,0.1486,1890737945474067691240880499740875297292876158015002304861589673637982545336861963498813390848.0000,0.0000,0.1355,1890737945474067691240880499740875297292876158015002304861589673637982545336861963498813390848.0000
4949.9,1.48497,221.6127,0.1477,2923031073429839446351247465831342704822476603377848585456028662568905580016058781466770800640.0000,0.0000,0.1355,2923031073429839446351247465831342704822476603377848585456028662568905580016058781466770800640.0000
4959.9,1.48798,220.3195,0.1469,4518929065071917582241050352422276678510566768989443430359726352025351393495240695422597988352.0000,0.0000,0.1355,4518929065071917582241050352422276678510566768989443430359726352025351393495240695422597988352.0000
4969.9,1.49098,219.0275,0.1460,6986145334127365711312674927234880554255254738637657777002613066892215788933365614470871646208.0000,0.0000,0.1355,6986145334127365711312674927234880554255254738637657777002613066892215788933365614470871646208.0000
4980.0,1.49399,217.7369,0.1452,10800396714962114652500713935246790190301452844756913007599497000357695680271764738721838006272.0000,0.0000,0.1355,10800396714962114652500713935246790190301452844756913007599497000357695680271764738721838006272.0000
4990.0,1.49699,216.4475,0.1443,16697128906084364157646670103983806198747725632478602397708275449853965415663608638975474925568.0000,0.0000,0.1355,16697128906084364157646670103983806198747725632478602397708275449853965415663608638975474925568.0000
5000.0,1.50000,215.1595,0.1434,25813321590323454092475673417196774536739759167957324969222408892210289836735632561440445956096.0000,0.0000,0.1355,25813321590323454092475673417196774536739759167957324969222408892210289836735632561440445956096.0000
